title,company,location,job_type,salary_min,salary_max,currency,salary_disclosed,posted_date,url,source,scraped_at
Customer Care Representative,Cakes and Cream,Lagos,Full Time,150000.0,250000.0,NGN,True,,https://www.jobberman.com/listings/customer-care-representative-qzz604,jobberman,2026-05-24T20:46:34.035418
Head of Business Development and Marketing,Technical Services and Equipment Solutions Ltd,Abuja,Full Time,400000.0,600000.0,NGN,True,,https://www.jobberman.com/listings/head-of-business-development-and-marketing-9kkgk5,jobberman,2026-05-24T20:46:34.035418
Assistant General Manager,Boston Hills Resort and Hotel,Rest of Nigeria (Anambra),Full Time,,,,False,,https://www.jobberman.com/listings/assistant-general-manager-j66zqe,jobberman,2026-05-24T20:46:34.035418
Sales Executive,OnCre,Lagos,Full Time,150000.0,250000.0,NGN,True,,https://www.jobberman.com/listings/sales-executive-gmw252,jobberman,2026-05-24T20:46:34.035418
Business Growth Coordinator,Anonymous Employer,Lagos,Full Time,250000.0,400000.0,NGN,True,,https://www.jobberman.com/listings/business-growth-coordinator-j66xwr,jobberman,2026-05-24T20:46:34.035418
Video Editor and Graphic Designer,Softlab Digital,Remote,Full Time,250000.0,400000.0,NGN,True,,https://www.jobberman.com/listings/motion-video-editor-graphic-designer-gmm4x8,jobberman,2026-05-24T20:46:34.035418
Business Manager,Riverside Schools,Lagos,Full Time,400000.0,600000.0,NGN,True,,https://www.jobberman.com/listings/business-manager-x88wrw,jobberman,2026-05-24T20:46:34.035418
Merchant Acquisition Executive,Anonymous Employer,Abuja,Full Time,250000.0,400000.0,NGN,True,,https://www.jobberman.com/listings/merchant-acquisition-executive-2kk8zg,jobberman,2026-05-24T20:46:34.035418
Chief Product Officer,Anonymous Employer,Lagos,Full Time,1200000.0,1500000.0,NGN,True,,https://www.jobberman.com/listings/chief-product-officer-n997rm,jobberman,2026-05-24T20:46:34.035418
Content Creator,Touchshine Africa Limited,Lagos,Full Time,70000.0,150000.0,NGN,True,,https://www.jobberman.com/listings/content-creator-n997w9,jobberman,2026-05-24T20:46:34.035418
Product Manager,Lumbercraft Ltd,Lagos,Full Time,,,,False,,https://www.jobberman.com/listings/product-manager-7jjpg8,jobberman,2026-05-24T20:46:34.035418
Driver,Daouns Nigeria Limited,Lagos,Full Time,,,,False,,https://www.jobberman.com/listings/driver-err9x6,jobberman,2026-05-24T20:46:34.035418
Head of Sales,P. Petrop Solutions Limited,Lagos,Full Time,900000.0,1200000.0,NGN,True,,https://www.jobberman.com/listings/head-of-sales-pgggvw,jobberman,2026-05-24T20:46:34.035418
Non-Executive Director,Inner Konsult Ltd,Rest of Nigeria (Akwa Ibom),Full Time,,,,False,,https://www.jobberman.com/listings/non-executive-director-n999qk,jobberman,2026-05-24T20:46:34.035418
"General Manager, Operations",Inner Konsult Ltd,Rest of Nigeria (Akwa Ibom),Full Time,,,,False,,https://www.jobberman.com/listings/general-manager-operations-9kkkv6,jobberman,2026-05-24T20:46:34.035418
Receptionist,Oak and Ebony Investment Limited,Lagos,Full Time,150000.0,250000.0,NGN,True,,https://www.jobberman.com/listings/receptionist-n999qg,jobberman,2026-05-24T20:46:34.035418
Project Architect Facilitator,G.O.A Group,Abuja,Full Time,150000.0,250000.0,NGN,True,,https://www.jobberman.com/listings/project-architect-facilitator-m000mw,jobberman,2026-05-24T20:46:34.035418
Cashier,80/20 Burgers and Fries,Lagos,Full Time,70000.0,150000.0,NGN,True,,https://www.jobberman.com/listings/cashier-vdddp8,jobberman,2026-05-24T20:46:34.035418
Kitchen Assistant,80/20 Burgers and Fries,Lagos,Full Time,70000.0,150000.0,NGN,True,,https://www.jobberman.com/listings/kitchen-assistant-7jjj7z,jobberman,2026-05-24T20:46:34.035418
Assistant Restaurant Manager,80/20 Burgers and Fries,Lagos,Full Time,250000.0,400000.0,NGN,True,,https://www.jobberman.com/listings/assistant-restaurant-manager-6qqq6j,jobberman,2026-05-24T20:46:34.035418
General Manager,Naphtali Elegant Rentals,Abuja,Full Time,,,,False,,https://www.jobberman.com/listings/general-manager-x88p5m,jobberman,2026-05-24T20:46:34.035418
Facility Manager,Anonymous Employer,Abuja,Full Time,,,,False,,https://www.jobberman.com/listings/facility-manager-rrr8gm,jobberman,2026-05-24T20:46:34.035418
Bar/Lounge Supervisor,KeiOyi Investments Limited,Port Harcourt & Rivers State,Full Time,70000.0,150000.0,NGN,True,,https://www.jobberman.com/listings/barlounge-supervisor-k77808,jobberman,2026-05-24T20:46:34.035418
Sales Executive,Touchshine Africa Limited,Lagos,Full Time,70000.0,150000.0,NGN,True,,https://www.jobberman.com/listings/sales-executive-rrr8n5,jobberman,2026-05-24T20:46:34.035418
Accessability Tester,Offpista Ltd,Remote,Full Time,150000.0,250000.0,NGN,True,,https://www.jobberman.com/listings/accessability-tester-0kk7nw,jobberman,2026-05-24T20:46:34.035418
Sales Associate,Wren Regent Properties Limited,Lagos,Full Time,70000.0,150000.0,NGN,True,,https://www.jobberman.com/listings/real-estate-sales-associate-z8p5vn,jobberman,2026-05-24T20:46:34.035418
Sales & Customer Service Representative,Ify Klozet & Fashion,Lagos,Full Time,70000.0,150000.0,NGN,True,,https://www.jobberman.com/listings/sales-customer-service-representative-8mmnz4,jobberman,2026-05-24T20:46:34.035418
Sales/Customer Service Specialist,Metropromovers LTD,Lagos,Full Time,250000.0,400000.0,NGN,True,,https://www.jobberman.com/listings/salescustomer-service-specialist-wrrk96,jobberman,2026-05-24T20:46:34.035418
Business Development Executive,MAPLESGATE LIMITED,Lagos,Full Time,150000.0,250000.0,NGN,True,,https://www.jobberman.com/listings/business-development-executive-pgg8e2,jobberman,2026-05-24T20:46:34.035418
Administrative Officer,Excel and Grace Consulting,Lagos,Full Time,250000.0,400000.0,NGN,True,,https://www.jobberman.com/listings/administrative-officer-k7706p,jobberman,2026-05-24T20:46:34.035418
Chemical Scientist,Daily Laundry and Dry Cleaning Services,Abeokuta & Ogun State,Full Time,70000.0,150000.0,NGN,True,,https://www.jobberman.com/listings/chemical-scientist-gmm8wr,jobberman,2026-05-24T20:46:34.035418
Mechanical Engineer,Work Evolve Limited,Lagos,Full Time,600000.0,900000.0,NGN,True,,https://www.jobberman.com/listings/mechanical-engineer-wrre2z,jobberman,2026-05-24T20:46:34.035418
Fashion Academy Operation Officer,StyledByLayo,Lagos,Full Time,150000.0,250000.0,NGN,True,,https://www.jobberman.com/listings/fashion-academy-operation-officer-6qqv4z,jobberman,2026-05-24T20:46:34.035418
Sales & Digital Growth Manager,Stargem Properties and Estate Development Ltd,Port Harcourt & Rivers State,Full Time,70000.0,150000.0,NGN,True,,https://www.jobberman.com/listings/sales-digital-growth-manager-errxmx,jobberman,2026-05-24T20:46:34.035418
Creative Intern,StyledByLayo,Lagos,Internship & Graduate,70000.0,150000.0,NGN,True,,https://www.jobberman.com/listings/creative-intern-m00j9m,jobberman,2026-05-24T20:46:34.035418
Car Wash Manager,Banky J Petroleum Limited,Lagos,Full Time,70000.0,150000.0,NGN,True,,https://www.jobberman.com/listings/car-wash-manager-7jj09m,jobberman,2026-05-24T20:46:34.035418
Customer Service Officer,StyledByLayo,Lagos,Full Time,150000.0,250000.0,NGN,True,,https://www.jobberman.com/listings/customer-service-officer-z88r08,jobberman,2026-05-24T20:46:34.035418
Health and Safety Officer,FULLMARK GROUP OF COMPANIES,Rest of Nigeria (Kano),Full Time,250000.0,400000.0,NGN,True,,https://www.jobberman.com/listings/health-and-safety-officer-0kk8qm,jobberman,2026-05-24T20:46:34.035418
Electrical Engineer,FULLMARK GROUP OF COMPANIES,Rest of Nigeria (Kano),Full Time,250000.0,400000.0,NGN,True,,https://www.jobberman.com/listings/electrical-engineer-wrrnqz,jobberman,2026-05-24T20:46:34.035418
Rice Milling Operator,FULLMARK GROUP OF COMPANIES,Rest of Nigeria (Kano),Full Time,150000.0,250000.0,NGN,True,,https://www.jobberman.com/listings/rice-milling-operator-qzzwp7,jobberman,2026-05-24T20:46:34.035418
Milling Supervisor,FULLMARK GROUP OF COMPANIES,Rest of Nigeria (Kano),Full Time,250000.0,400000.0,NGN,True,,https://www.jobberman.com/listings/milling-supervisor-8mmkq4,jobberman,2026-05-24T20:46:34.035418
Accountant,Noble Grace Logistics Ltd.,Lagos,Full Time,150000.0,250000.0,NGN,True,,https://www.jobberman.com/listings/accountant-z88r6k,jobberman,2026-05-24T20:46:34.035418
Mid-Level QA Engineer,Kenkeputa,Remote,Full Time,250000.0,400000.0,NGN,True,,https://www.jobberman.com/listings/mid-level-qa-engineer-kenkeputa-x88gez,jobberman,2026-05-24T20:46:34.035418
DevOps Engineer,Kenkeputa,Remote,Full Time,250000.0,400000.0,NGN,True,,https://www.jobberman.com/listings/mid-level-devops-engineer-kenkeputa-4550qp,jobberman,2026-05-24T20:46:34.035418
Accountant/Account Officer,Winnyz Catering,Lagos,Full Time,150000.0,250000.0,NGN,True,,https://www.jobberman.com/listings/accountantaccount-officer-rrr6qq,jobberman,2026-05-24T20:46:34.035418
R & A Technician,TF Cameron Court Ltd,Lagos,Full Time,150000.0,250000.0,NGN,True,,https://www.jobberman.com/listings/r-a-technician-x88wd2,jobberman,2026-05-24T20:46:34.035418
Plumbing Technician,TF Cameron Court Ltd,Lagos,Full Time,150000.0,250000.0,NGN,True,,https://www.jobberman.com/listings/plumbing-technician-qzz9pp,jobberman,2026-05-24T20:46:34.035418
"General Manager, Sales, & Marketing",Platinum Edge Consulting,Abuja,Full Time,5000000.0,5000000.0,NGN,True,,https://www.jobberman.com/listings/general-manager-sales-marketing-real-estate-development-8mmpg9,jobberman,2026-05-24T20:46:34.035418
Human Resource Lead,Brain and Structure Limited,Abuja,Full Time,250000.0,400000.0,NGN,True,,https://www.jobberman.com/listings/human-resource-lead-wrrr40,jobberman,2026-05-24T20:46:34.035418
Live Stream Anchor,"Foshan Jieko Machinery Equipment Co., Ltd.",Lagos,Full Time,70000.0,150000.0,NGN,True,,https://www.jobberman.com/listings/video-social-media-live-stream-anchor-qz28j6,jobberman,2026-05-24T20:46:34.035418
Biology Teacher,Emovet Group of Schools,Lagos,Full Time,70000.0,150000.0,NGN,True,,https://www.jobberman.com/listings/biology-teacher-2kkkmq,jobberman,2026-05-24T20:46:34.035418
Driver,Damiltec Nig. Enterprises,Lagos,Full Time,250000.0,400000.0,NGN,True,,https://www.jobberman.com/listings/driver-8mmm0x,jobberman,2026-05-24T20:46:34.035418
Project Manager,Damiltec Nig. Enterprises,Lagos,Full Time,70000.0,150000.0,NGN,True,,https://www.jobberman.com/listings/ngo-project-manager-n99pwe,jobberman,2026-05-24T20:46:34.035418
Content Marketer,iLotBet,Lagos,Full Time,70000.0,150000.0,NGN,True,,https://www.jobberman.com/listings/content-marketer-on-site-errvg5,jobberman,2026-05-24T20:46:34.035418
Nail Technician,Wheatbaker Investments & Properties Limited,Lagos,Full Time,250000.0,400000.0,NGN,True,,https://www.jobberman.com/listings/nail-technician-j66648,jobberman,2026-05-24T20:46:34.035418
House Help,Lick Fingers Calabar Restaurant,Lagos,Full Time,70000.0,150000.0,NGN,True,,https://www.jobberman.com/listings/kitchen-assistant-6qqd0d,jobberman,2026-05-24T20:46:34.035418
Kitchen Assistant,Awameal Ltd,Imo,Full Time,70000.0,150000.0,NGN,True,,https://www.jobberman.com/listings/kitchen-assistant-gmmwve,jobberman,2026-05-24T20:46:34.035418
Marketing Officer,PEPHLA,Port Harcourt & Rivers State,Full Time,70000.0,150000.0,NGN,True,,https://www.jobberman.com/listings/marketing-officer-d99k2m,jobberman,2026-05-24T20:46:34.035418
Project Manager,Valjes Properties,Lagos,Full Time,250000.0,400000.0,NGN,True,,https://www.jobberman.com/listings/project-manager-civil-or-building-engineering-background-n99pd9,jobberman,2026-05-24T20:46:34.035418
Accountant,Valjes Properties,Lagos,Full Time,250000.0,400000.0,NGN,True,,https://www.jobberman.com/listings/accountant-0kk72w,jobberman,2026-05-24T20:46:34.035418
Secretary,Valjes Properties,Lagos,Full Time,150000.0,250000.0,NGN,True,,https://www.jobberman.com/listings/secretary-customer-service-officer-z88dj9,jobberman,2026-05-24T20:46:34.035418
Account Officer,Barleyfield Nigeria Limited,Lagos,Full Time,70000.0,150000.0,NGN,True,,https://www.jobberman.com/listings/account-officer-k7g0z8,jobberman,2026-05-24T20:46:34.035418
Sales Executive,Valjes Properties,Lagos,Full Time,250000.0,400000.0,NGN,True,,https://www.jobberman.com/listings/sales-executive-455ndp,jobberman,2026-05-24T20:46:34.035418
Inventory Officer,Valjes Properties,Lagos,Full Time,150000.0,250000.0,NGN,True,,https://www.jobberman.com/listings/storekeeper-inventory-officer-9kkj8j,jobberman,2026-05-24T20:46:34.035418
Supply Chain and Procurement Specialist,Kenkeputa,Remote,Part Time,150000.0,250000.0,NGN,True,,https://www.jobberman.com/listings/supply-chain-procurement-specialist-tcpo-7jj50e,jobberman,2026-05-24T20:46:34.035418
B2B Sales and Partnerships Executive,Kenkeputa,Remote,Full Time,250000.0,400000.0,NGN,True,,https://www.jobberman.com/listings/b2b-sales-partnerships-executive-vddek2,jobberman,2026-05-24T20:46:34.035418
Facility Manager Associate,Seadolf System Global Services Limited,Lagos,Full Time,70000.0,150000.0,NGN,True,,https://www.jobberman.com/listings/facility-manager-associate-intern-6qqdn7,jobberman,2026-05-24T20:46:34.035418
HVAC Technician,Seadolf System Global Services Limited,Lagos,Full Time,70000.0,150000.0,NGN,True,,https://www.jobberman.com/listings/hvac-technician-cassette-unit-specialist-errvr6,jobberman,2026-05-24T20:46:34.035418
Telesale Marketer,IQI Technology LTD,Ibadan & Oyo State,Full Time,70000.0,150000.0,NGN,True,,https://www.jobberman.com/listings/telesale-qz2j5w,jobberman,2026-05-24T20:46:34.035418
Accountant,Jobberman Nigeria Recruitment,Lagos,Full Time,,,,False,,https://www.jobberman.com/listings/accountant-qzzg4k,jobberman,2026-05-24T20:46:34.035418
Marketer / Marketing Executive,Jobberman Nigeria Recruitment,Lagos,Full Time,,,,False,,https://www.jobberman.com/listings/marketer-marketing-executive-wrrje5,jobberman,2026-05-24T20:46:34.035418
Business Development Officer,Jobberman Nigeria Recruitment,Lagos,Full Time,150000.0,250000.0,NGN,True,,https://www.jobberman.com/listings/business-development-officer-0kk5gd,jobberman,2026-05-24T20:46:34.035418
Senior Enterprise Sales Executive,Jobberman Nigeria Recruitment,Abuja,Full Time,400000.0,600000.0,NGN,True,,https://www.jobberman.com/listings/senior-enterprise-sales-executive-m00dm2,jobberman,2026-05-24T20:46:34.035418
Marketer,Laddercross Logistics Limited,Remote,Contract,,,NGN,False,,https://www.jobberman.com/listings/marketer-gmmq00,jobberman,2026-05-24T20:46:34.035418
Senior Accountant,Kasai& Company Nigeria,Lagos,Full Time,,,,False,,https://www.jobberman.com/listings/senior-accountant-k7708z,jobberman,2026-05-24T20:46:34.035418
Administrative Assistant,Phlo,Lagos,Full Time,150000.0,250000.0,NGN,True,,https://www.jobberman.com/listings/administrative-assistant-n99wer,jobberman,2026-05-24T20:46:34.035418
Marketing Manager,Anonymous Employer,Lagos,Full Time,,,,False,,https://www.jobberman.com/listings/marketing-manager-d99ngj,jobberman,2026-05-24T20:46:34.035418
Chief Operating Officer (COO),Anonymous Employer,Lagos,Full Time,,,,False,,https://www.jobberman.com/listings/chief-operating-officer-coo-k770zx,jobberman,2026-05-24T20:46:34.035418
General Manager (B2C),Anonymous Employer,Lagos,Full Time,,,,False,,https://www.jobberman.com/listings/general-manager-b2c-x88q78,jobberman,2026-05-24T20:46:34.035418
General Manager (B2B),Anonymous Employer,Lagos,Full Time,,,,False,,https://www.jobberman.com/listings/general-manager-b2b-rrr7x8,jobberman,2026-05-24T20:46:34.035418
"Forklift Maintenance Technician, Expert",Viju Industries Nigeria Limited,,"Viju Industry Nigeria Limited, a leading firm in the beverage production industry",,,,False,0001-05-23,https://www.myjobmag.com/job/forklift-maintenance-technician-expert-viju-industries-nigeria-limited,myjobmag,2026-05-24T21:41:53.665286
Radiographer (Gwagwalada),Crystal Thorpe,,"Crystal Thorpe is incorporated in United Kingdom to develop and manage specialist hospitals and clinics in Nigeria. The company provides turnkey solution to hospital ventures from concept development,...",,,,False,0001-05-23,https://www.myjobmag.com/job/radiographer-gwagwalada-crystal-thorpe,myjobmag,2026-05-24T21:41:53.665286
Junior Associate Career Opportunities (Entry level) – Strategy & Management Consulting,Quramo Advisory,,Quramo Advisory is a business and people capacity building resource that provides business advisory and management development services designed to transform the African enterprises beyond “best in...,,,,False,0001-05-23,https://www.myjobmag.com/job/junior-associate-career-opportunities-entry-level-strategy-management-consulting-quramo-advisory,myjobmag,2026-05-24T21:41:53.665286
Sales Rep Executive,Panai Global,,This company is looking to recruit qualified applicants for Sales Rep Executive role,,,,False,0001-05-23,https://www.myjobmag.com/job/sales-rep-executive,myjobmag,2026-05-24T21:41:53.665286
Dispatch Rider,Ify Klozet & Fashion,,"Ify Klozet is a fashion brand that specializes in providing high-quality fashion materials, crocs, clothes, and footwear. Our mission is to make fashion affordable and accessible to everyone without c...",,,,False,0001-05-22,https://www.myjobmag.com/job/dispatch-rider-ify-klozet-fashion-3,myjobmag,2026-05-24T21:41:53.665286
Sales & Customer Care Respresentative,Ify Klozet & Fashion,,"Ify Klozet is a fashion brand that specializes in providing high-quality fashion materials, crocs, clothes, and footwear. Our mission is to make fashion affordable and accessible to everyone without c...",,,,False,0001-05-22,https://www.myjobmag.com/job/sales-customer-care-respresentative-ify-klozet-fashion,myjobmag,2026-05-24T21:41:53.665286
HR Officer,Nicole Sinclair Consulting,,"Nicole Sinclair Consulting is a dynamic Human Resources Consulting firm. We are positioned to help nurture your business, its people and maximize vision.",,,,False,0001-05-22,https://www.myjobmag.com/job/hr-officer-nicole-sinclair-consulting-5,myjobmag,2026-05-24T21:41:53.665286
Business Development Executive,Crovation Limited,,Crovation Limited (Crovation) was established in 2014 and comprises a group of professionals that specialize in the development and maintenance of real estate. The company has since inception embarked...,,,,False,0001-05-22,https://www.myjobmag.com/job/business-development-executive-crovation-limited,myjobmag,2026-05-24T21:41:53.665286
Outlet Sales Supervisor (Opticals),Nicole Sinclair Consulting,,"Nicole Sinclair Consulting is a dynamic Human Resources Consulting firm. We are positioned to help nurture your business, its people and maximize vision.",,,,False,0001-05-22,https://www.myjobmag.com/job/outlet-sales-supervisor-opticals-nicole-sinclair-consulting,myjobmag,2026-05-24T21:41:53.665286
RFQ N0: CENSCOPE FWA/NGA/26/MDG/001 “Vehicle Rental Service,,,"About CENSCOPE

Centre for Social Cohesion, Peace and Empowerment (CENSCOPE) is a non-profit organization that focuses on promoting the ideals of self-sustainability, equality and social justice to...",,,,False,0001-05-22,https://www.myjobmag.com/job/rfq-n0-censcope-fwa-nga-26-mdg-001-vehicle-rental-service-centre-for-social-cohesion-peace-and-empowerment-censcope,myjobmag,2026-05-24T21:41:53.665286
Fund Manager (Senior Level),a Reputable Company,,This company is looking to recruit qualified applicants for Fund Manager (Senior Level) role,,,,False,0001-05-22,https://www.myjobmag.com/job/fund-manager-senior-level,myjobmag,2026-05-24T21:41:53.665286
Aviation Dispatcher III,Nautilus Nigeria Engineering and Construction Limited,,"NNEC makes available to the oil and gas industry, worldwide experience and reputation in Engineering and Project Support Services. Specifically, for Engineering - Conceptual Design, Front End Engineer...",,,,False,0001-05-22,https://www.myjobmag.com/job/aviation-dispatcher-iii-nautilus-nigeria-engineering-and-construction-limited,myjobmag,2026-05-24T21:41:53.665286
Unit Head - Downstream Energy - Corporate Banking,FCMB,,"First City Monument Bank (FCMB) Plc is a full service banking group, headquartered in Lagos, Nigeria, with the vision 'to be the premier financial services group of African origin’. 

From its...",,,,False,0001-05-23,https://www.myjobmag.com/job/unit-head-downstream-energy-corporate-banking-fcmb,myjobmag,2026-05-24T21:41:53.665286
Fresh Jobs,CIG Motor Ltd,,"Guangzhou Automobile Group Co., Ltd (GAC MOTOR) is a Chinese automobile maker headquartered in Guangzhou in China. GAC MOTOR represents insisting on pursuing scientific development, enhancing the core...",,,,False,0001-05-23,https://www.myjobmag.com/jobs/head-of-aftersales-at-cig-motor-ltd,myjobmag,2026-05-24T21:41:53.665286
Business Development Executive (Capital Raising),NCDF Group Plc - Nigerian Capital Development Fund,,"An institution that mobilizes capital from the public and private sectors to invest in projects, businesses and social enterprises with the intention to generate good financial returns and measurable...",,,,False,0001-05-23,https://www.myjobmag.com/job/business-development-executive-capital-raising-ncdf-group-plc-nigerian-capital-development-fund,myjobmag,2026-05-24T21:41:53.665286
Lead Sales Executive,Juban Realty Limited,,"Juban Realty Limited is a fast growing real estate firm that offers a complete portfolio of real estate services including sales, rental and leasing of residential and commercial properties. We are a...",,,,False,0001-05-23,https://www.myjobmag.com/job/lead-sales-executive-juban-realty-limited,myjobmag,2026-05-24T21:41:53.665286
Head Strategy,Terawork,,"TERAWORK.COM is a virtual meeting point for getting work done. TERAWORK is a bridge between service providers and the individuals and businesses that need their talents and skills.

Via TERAWORK, cu...",,,,False,0001-05-23,https://www.myjobmag.com/job/head-strategy-terawork,myjobmag,2026-05-24T21:41:53.665286
Job Opportunities,Penafort Energy Limited,,Penafort Energy Limited is an indigenous Nigeria incorporated in November 2011. The company has its operations in the downstream oil and gas industry and also in the food and beverage industry. We are...,,,,False,0001-05-23,https://www.myjobmag.com/jobs/job-opportunities-at-penafort-energy-limited,myjobmag,2026-05-24T21:41:53.665286
Medical Sales Representatives,Global Oneword Healthcare Limited,,"Global Oneword Healthcare Limited is an indigenous Pharmaceutical Company Established in June 2012. Active marketing of products started in June 2013. Global Oneword Healthcare Limited specializes in importing, marketing, selling, and distributing ONCOLOGY drugs, OTC prescription drugs as well as other things that relate to health care and health services.",,,,False,0001-05-23,https://www.myjobmag.com/job/medical-sales-representatives-global-oneword-healthcare-limited-7,myjobmag,2026-05-24T21:41:53.665286
Spa Trainee,Organique Spa,,"At Organique Spa, we specialize in therapeutic, natural massage and skincare designed to support your body’s recovery and your skin’s health.
Our treatments use natural, organic ingredients — i...",,,,False,0001-05-23,https://www.myjobmag.com/job/spa-trainee-organique-spa,myjobmag,2026-05-24T21:41:53.665286
Business Development & Grants Specialist,Ace Strategy & Consults,,"At ACE Group, We Disrupt Conventional Thinking We partner with governments, organizations, and communities to reimagine solutions that tackle the root causes of health and social inequities. We don’...",,,,False,0001-05-23,https://www.myjobmag.com/job/business-development-grants-specialist-ace-strategy-consults,myjobmag,2026-05-24T21:41:53.665286
Career Opportunities,KK Leasing Limited,,"We are KK LEASING LTD  – a wholly-Nigerian Transport and logistics company. We are focused on providing QUALITY PERSONAL SERVICE. Our core competence is the provision, maintenance and management of...",,,,False,0001-05-23,https://www.myjobmag.com/jobs/career-opportunities-at-kk-leasing-limited,myjobmag,2026-05-24T21:41:53.665286
Farm Supervisor,Fine Trading Limited,,"Fine Trading International Limited Agricultural Farmland is located at Ogii Okigwe, Imo State Nigeria. This is a newly established farmland with existing old palm trees. We are in the process of plant...",,,,False,0001-05-23,https://www.myjobmag.com/job/farm-supervisor-fine-trading-limited-3,myjobmag,2026-05-24T21:41:53.665286
Front Desk / Receptionist,Orofacial Dental Practice,,"Orofacial Dental Practice is a highly-rated, multi-specialty dental clinic based in Abuja, Nigeria, known for providing comprehensive and premium oral healthcare services. Founded in 2017, the clinic...",,,,False,0001-05-23,https://www.myjobmag.com/job/front-desk-receptionist-orofacial-dental-practice,myjobmag,2026-05-24T21:41:53.665286
Job Openings,Rayfield Medical Services Ltd,,"Rayfield Medical Services Ltd is a trusted private healthcare institution committed to delivering quality, affordable, and patient-centered medical care in Plateau State, Nigeria. Established in 2013,...",,,,False,0001-05-23,https://www.myjobmag.com/jobs/job-openings-at-rayfield-medical-services-ltd,myjobmag,2026-05-24T21:41:53.665286
Business Development Officer (BDO),Buckler Systems Limited,,"Buckler Ordnance Systems Limited is a Nigerian defense solutions provider with strong expertise in manufacturing civilian armored vehicles, design, and prototyping of military vehicles and ordnance equipment.",,,,False,0001-05-23,https://www.myjobmag.com/job/business-development-officer-bdo-buckler-ordnance-systems-limited-3,myjobmag,2026-05-24T21:41:53.665286
Job Vacancies,Whip Smart Service Providers Limited,,"Whip-smart service provider Ltd has two offices across Nigeria (Lagos and Port-harcourt) with her head office in Lagos. We invest in recruiting and training most skilled, qualified care givers who wil...",,,,False,0001-05-23,https://www.myjobmag.com/jobs/job-vacancies-at-whip-smart-service-providers-limited-1,myjobmag,2026-05-24T21:41:53.665286
Senior QA Engineer,Bumpa,,"Commerce is becoming ever more digital, the way we sell, buy and exchange value is changing faster than ever. Buyers want more convenient ways to buy, pay for products/services, and engage businesses...",,,,False,0001-05-23,https://www.myjobmag.com/job/senior-qa-engineer-bumpa,myjobmag,2026-05-24T21:41:53.665286
Latest Jobs,Coca-Cola,,"Coca-Cola is the most popular and biggest-selling soft drink in history. An icon of all times, Coca-Cola is the best-known product in the world. Created in Atlanta, Georgia, by Dr. John S. Pemberton,...",,,,False,0001-05-23,https://www.myjobmag.com/jobs/latest-jobs-at-coca-cola-21,myjobmag,2026-05-24T21:41:53.665286
Latest Jobs,Cowrywise,,Cowrywise is a fintech company democratizing access to premium financial services by making these services available to the mass market cheaply.,,,,False,0001-05-23,https://www.myjobmag.com/jobs/latest-jobs-at-cowrywise,myjobmag,2026-05-24T21:41:53.665286
Latest Jobs,Nestoil Plc,,"Nestoil Plc was incorporated in Nigeria in 1991 for the provision of Engineering, Procurement and Construction (EPC) services to the energy and oil & gas industry. Since then, Nestoil has grown to...",,,,False,0001-05-23,https://www.myjobmag.com/jobs/latest-jobs-at-nestoil-plc-13,myjobmag,2026-05-24T21:41:53.665286
"Private Banker, Lagos",Stanbic IBTC Bank,,"Stanbic IBTC Holdings PLC is a full service financial services group with a clear focus on three main business pillars - Corporate and Investment Banking, Personal and Business Banking and Wealth Mana...",,,,False,0001-05-23,https://www.myjobmag.com/job/private-banker-lagos-stanbic-ibtc-2,myjobmag,2026-05-24T21:41:53.665286
"Brand, Design & Corporate Comms Officer (Intern)",Matrix Energy Group,,"Matrix Energy Group is a rapidly growing indigenous and integrated Oil Marketing and Trading Company in Nigeria, with business interest that covers shipping, commodities trading, depot operations, fertilizer blending, and trading, exploration, and haulage services.",,,,False,0001-05-23,https://www.myjobmag.com/job/brand-design-corporate-comms-officer-intern-matrix-energy-group,myjobmag,2026-05-24T21:41:53.665286
HR Business Partner,Olam Agri,,"Olam Agri is a market-leading, differentiated food, feed, and fiber agri-business with a global origination footprint, processing capabilities, and deep understanding of market needs built over 33 yea...",,,,False,0001-05-23,https://www.myjobmag.com/job/hr-business-partner-olam-agri-1,myjobmag,2026-05-24T21:41:53.665286
Deployable Gender-Based Violence and Gender in Emergencies Specialist,Plan International,,"Plan International was founded over 75 years ago with a mission to promote and protect the rights of children.

The organisation was set up by British journalist John Langdon-Davies and refugee work...",,,,False,0001-05-23,https://www.myjobmag.com/job/deployable-gender-based-violence-and-gender-in-emergencies-specialist-plan-international-usa,myjobmag,2026-05-24T21:41:53.665286
Latest Jobs,Union Bank of Nigeria,,"Union Bank of Nigeria (""UBN”) was established in 1917 and is one of Nigeria’s long-standing and most respected financial institutions, offering a portfolio of banking services to individua...",,,,False,0001-05-23,https://www.myjobmag.com/jobs/latest-jobs-at-union-bank-of-nigeria-2,myjobmag,2026-05-24T21:41:53.665286
Junior Maintenance Technician – Engine (JMTE),WTS Energy,,"WTS Energy is the leading Consultant/Manpower Supply company to the international Oil, Gas and Energy industry. We supply Consultants to the Projects and Operations of our Clients. We also perform Out...",,,,False,0001-05-23,https://www.myjobmag.com/job/junior-maintenance-technician-engine-jmte-wts-energy,myjobmag,2026-05-24T21:41:53.665286
Current Openings,Flutterwave,,"Our mission is to power a new wave of prosperity across Africa. By enabling global digital payments on a continent that’s been largely cut off from the digital economy, we’re creating the...",,,,False,0001-05-23,https://www.myjobmag.com/jobs/current-openings-at-flutterwave-1,myjobmag,2026-05-24T21:41:53.665286
Business Development Manager (International Business),Proforce Limited,,PROFORCE LIMITED was incorporated in 2008 as a total defence solution provider specializing in armoured vehicles and personal protection. The company’s focus is on the delivery of confidence in...,,,,False,0001-05-23,https://www.myjobmag.com/job/business-development-manager-international-business-proforce-limited,myjobmag,2026-05-24T21:41:53.665286
Medical Laboratory Scientist,ExCare Services Ltd,,"ExCare Services Limited offers Pharmaceutical, Laboratory and immunisation services.",,,,False,0001-05-23,https://www.myjobmag.com/job/medical-laboratory-scientist-excare-services-limited-3,myjobmag,2026-05-24T21:41:53.665286
Business Development Executive,Montego Upstream Services Limited,,"Montego is an independent diversified natural resources company. We apply skill, market intelligence and entrepreneurial aptitude to everything we do. By being efficient, flexible and proactive, we add value for our customers and stakeholders.

We act responsibly, focusing on the long-term and investing in assets, infrastructure and relationships. By employing local nationals, we build strong relationships with local communities.",,,,False,0001-05-23,https://www.myjobmag.com/job/business-development-executive-montego-upstream-services-limited-7,myjobmag,2026-05-24T21:41:53.665286
Investment and Strategic Partnerships Manager,Future One Africa Network - FOAN Group,,"At Future One Africa Network, we envision a world where creativity knows no bounds, connections are limitless, and possibilities are endless. Our mission is to unleash artistic expression, foster conn...",,,,False,0001-05-23,https://www.myjobmag.com/job/investment-and-strategic-partnerships-manager-future-one-africa-network-foan-group,myjobmag,2026-05-24T21:41:53.665286
Jobs,Dangote Group,,The Dangote Group is one of the most diversified business conglomerates in Africa with a hard-earned reputation for excellent business practices and products' quality with its operational headquarters...,,,,False,0001-05-23,https://www.myjobmag.com/jobs/jobs-at-dangote-group-19,myjobmag,2026-05-24T21:41:53.665286
QHSE Officer,Ikosh Nigeria Limited,,Ikosh Nigeria Limited is a foremost complete discipline indigenous engineering company that renders a variety of services and operates within the oil and gas industry,,,,False,0001-05-23,https://www.myjobmag.com/job/qhse-officer-ikosh-nigeria-limited,myjobmag,2026-05-24T21:41:53.665286
Latest Jobs,Women for Women International,,"We believe strong women build strong nations.

Since 1993, Women for Women International has helped nearly 420,000 marginalized women in countries affected by war and conflict. We directly work with...",,,,False,0001-05-23,https://www.myjobmag.com/jobs/latest-jobs-at-women-for-women-international,myjobmag,2026-05-24T21:41:53.665286
Logistics Assistant,North-East Youth Initiative For Development (NEYIF),,"NEYIF is a National Non-Governmental, Non for Profit, Humanitarian and Development Organization that promotes an all-inclusive society for all. NEYIF was established in 2013, with operational offices...",,,,False,0001-05-23,https://www.myjobmag.com/job/logistics-assistant-north-east-youth-initiative-for-development-neyif,myjobmag,2026-05-24T21:41:53.665286
Social Media Manager / Youtuber,Highland Church,,"Highland Church is a community that is built on a foundation of acceptance. a Church that is home for everyone. We understand how it feels to be distant, disconnected, and undeserving of love.

We h...",,,,False,0001-05-23,https://www.myjobmag.com/job/social-media-manager-youtuber-highland-church,myjobmag,2026-05-24T21:41:53.665286
UI / UX Designer,InEvent,,"InEvent is an innovative and fast-paced B2B startup that develops intelligent solutions for hospitality and marketing within large enterprises, creating high-level management for the c-level suite and...",,,,False,0001-05-23,https://www.myjobmag.com/job/ui-ux-designer-inevent-1,myjobmag,2026-05-24T21:41:53.665286
Interim Human Resources Manager,Wale University,,"Wale University is an Open and Distance Learning institution committed to transforming education across Africa through innovation, real-world learning, and Christ-centered leadership. Our programs are...",,,,False,0001-05-23,https://www.myjobmag.com/job/interim-human-resources-manager-wale-university,myjobmag,2026-05-24T21:41:53.665286
Internal Auditor,Grand Towers Limited,,"Grand Towers Limited, a dynamic investment firm with a diverse investment portfolio spanning fintech, hospitality, real estate, communication, and financial information sectors. Grand Towers Limited is unwavering in its commitment to driving sustainable growth and maximizing stakeholder value. We adhere to a vision that promotes innovation, upholds integrity, showcases adaptability to market changes, and empathizes with the businesses we partner with, setting us apart in the competitive private ",,,,False,0001-05-23,https://www.myjobmag.com/job/internal-auditor-grand-towers-limited-8,myjobmag,2026-05-24T21:41:53.665286
Lead AI Engineer - Financial Inclusion,M-KOPA,,M-KOPA is a fast-growing FinTech company offering millions of underbanked customers across Africa access to life-enhancing products and services. From our roots as the pioneer in pay-as-you-go PayGo s...,,,,False,0001-05-23,https://www.myjobmag.com/job/lead-ai-engineer-financial-inclusion-m-kopa,myjobmag,2026-05-24T21:41:53.665286
Software Delivery Manager,Cavista,,"At Cavista, our mission is to empower organizations with the world’s best technology solutions. We ensure the highest level of client satisfaction through a global network of innovation, and our software solutions are custom-built to accommodate your domain and requirements. Through world-class consultation, innovative IT solutions and personalized client services, Cavista increases operational efficiency for organizations of allÂ sizes.",,,,False,0001-05-23,https://www.myjobmag.com/job/software-delivery-manager-cavista-4,myjobmag,2026-05-24T21:41:53.665286
Chief Operating Officer,Stellas Digital Bank,,Stellas Digital Bank is a wholly indigenous bank established to provide global standard financial services to its discerning customers across Nigeria. Stellas is a digital challenger bank founded on t...,,,,False,0001-05-23,https://www.myjobmag.com/job/chief-operating-officer-stellas-digital-bank,myjobmag,2026-05-24T21:41:53.665286
Program Officer,Jhpiego - John Hopkins University,,"""What are we aiming at?”

That’s the question our first president, Daniel Coit Gilman, asked at his inauguration in 1876. What is this place all about, exactly? His answer:

    ""The e...",,,,False,0001-05-23,https://www.myjobmag.com/job/program-officer-jhpiego-16,myjobmag,2026-05-24T21:41:53.665286
Talent Acquisition Specialist,Glocient Hospitality,,Glocient Hospitality is a top-notch hospitality management company currently focused on transforming the Ikogosi Warm Springs and resort in Ekiti State into a world-class vacation resort. We are clear...,,,,False,0001-05-23,https://www.myjobmag.com/job/talent-acquisition-specialist-glocient-hospitality-4,myjobmag,2026-05-24T21:41:53.665286
Executive Assistant to the CEO,Malala Fund,,"Malala Yousafzai is a Pakistani student and education activist who began speaking out for girls’ education at the age of 11. After surviving an assassination attempt by the Taliban at 15, she co...",,,,False,0001-05-23,https://www.myjobmag.com/job/executive-assistant-to-the-ceo-malala-fund,myjobmag,2026-05-24T21:41:53.665286
Sales Executive,ISN Medical,,We provide healthcare practitioners and patients peace of mind through innovative medical diagnostics solutions in Nigeria and across West Africa.,,,,False,0001-05-23,https://www.myjobmag.com/job/sales-executive-isn-medical-2,myjobmag,2026-05-24T21:41:53.665286
In-House Medical Sales Representative,Tyonex Nigeria Limited,,"Tyonex Nigeria Ltd. is a group of registered companies, with operational base throughout Nigeria and corporate head office based in Lagos, Nigeria.

Established since September 1997, Tyonex is a mem...",,,,False,0001-05-23,https://www.myjobmag.com/job/in-house-medical-sales-representative-tyonex-nigeria-limited-2,myjobmag,2026-05-24T21:41:53.665286
"AGM, Sales",Fact Base Consulting,,"We undertake head-hunting or mass recruitment activities like testing, shortlisting interview and recommendation of different cadres of staff from Management Trainees to Executives. Please click here...",,,,False,0001-05-23,https://www.myjobmag.com/job/agm-sales-fact-base-consulting,myjobmag,2026-05-24T21:41:53.665286
Digital Marketing Manager,Zinance Limited,,Zinance Limited is a dynamic Information Technology and Consulting firm committed to delivering innovative digital solutions and strategic advisory services to businesses of all sizes. We combine tech...,,,,False,0001-05-23,https://www.myjobmag.com/job/digital-marketing-manager-zinance-limited,myjobmag,2026-05-24T21:41:53.665286
Software Engineer (Java_Spring Boot),Quidax,,"Quidax is the simplest and most secure way to buy and sell bitcoin, ethereum, ripple and other altcoins.",,,,False,0001-05-23,https://www.myjobmag.com/job/software-engineer-java-spring-boot-quidax-1,myjobmag,2026-05-24T21:41:53.665286
Sales Girl,Recore Limited,,"Recore Limited is a wholly Nigerian company incorporated in December 2003.
We are a full fledged human resources firm incorporated in Nigeria to provide second to non-human capital development servic...",,,,False,0001-05-23,https://www.myjobmag.com/job/sales-girl-recore-limited-1,myjobmag,2026-05-24T21:41:53.665286
Administrative Officer,HR-on-Wheels,,HR-on-Wheels is the premier one-stop shop for all HR needs of your startup and SMEs. We understand the importance of laying the right foundation for your people strategy and thus tailored our offering...,,,,False,0001-05-23,https://www.myjobmag.com/job/administrative-officer-hr-on-wheels,myjobmag,2026-05-24T21:41:53.665286
Admin Officer,Ascentech Services Limited,,Ascentech Services Ltd acts as a gateway to provide a wide range of recruitment and selection services to companies. We are a dedicated team of professional consultants offering top-of-the-line executive recruitment and selection services. We cater for the needs of a range of professionals seeking employment and work together to create effective solutions using our networks and strong client base.,,,,False,0001-05-23,https://www.myjobmag.com/job/admin-officer-ascentech-services-limited-10,myjobmag,2026-05-24T21:41:53.665286
Assistant Agronomist (Oil Palm),Bridgemead Consulting,,Bridgemead Consulting is a holistic and innovative business consultancy that believes in connecting businesses with the right individuals.,,,,False,0001-05-23,https://www.myjobmag.com/job/assistant-agronomist-oil-palm-bridgemead-consulting,myjobmag,2026-05-24T21:41:53.665286
"Specialist, Marketing and Sales",Nile University of Nigeria,,"Founded in 2009, Nile University is a private multidisciplinary university based in Abuja, and a proud member of Honoris United Universities since 2020. Nile University currently has over 40 undergrad...",,,,False,0001-05-23,https://www.myjobmag.com/job/specialist-marketing-and-sales-nile-university-of-nigeria-1,myjobmag,2026-05-24T21:41:53.665286
Digital Marketing Lead,Taeillo,,"Taeillo is a Nigerian Furniture and Lifestyle Brand that designs and manufactures Furniture by harnessing traditional forms, Materials, Local resources in Africa with both local and modern Technology...",,,,False,0001-05-23,https://www.myjobmag.com/job/digital-marketing-lead-taeillo-1,myjobmag,2026-05-24T21:41:53.665286
Digital Content Presenter (NYSC),Seedbuilders Innovation Hub,,"Seedbuilders is a leading Information, Communication, and Technology Company, Technology and Innovation Ecosystem Contributor, Coworking Partner, leading digital skills and ICT training provider, Huma...",,,,False,0001-05-23,https://www.myjobmag.com/job/digital-content-presenter-nysc-seedbuilders-innovation-hub,myjobmag,2026-05-24T21:41:53.665286
Accounts Officer,LVTOPSUN,,"Lvtopsun is one of the leading manufacturing company of solar products in nigeria, products like inverter, solar battery etc.",,,,False,0001-05-23,https://www.myjobmag.com/job/accounts-officer-lvtopsun-new-energy-company-limited-1,myjobmag,2026-05-24T21:41:53.665286
Administrator,Elite Logistics and Development services,,Elite Logistics & Development Services Limited is an indigenous company with its operating office in Lagos and duly registered under the companies and allied matters ACT 1990 with RC1195367. ELADS Lim...,,,,False,0001-05-23,https://www.myjobmag.com/job/administrator-elite-logistics-development-services-limited-1,myjobmag,2026-05-24T21:41:53.665286
Jobs,International Facilities Services Limited - IFS,,"IFS is an international facilities management company operating global standards to wide range of clients in Nigeria, Ghana, South Africa and the Middle East.

Our expert staff members with many yea...",,,,False,0001-05-23,https://www.myjobmag.com/jobs/jobs-at-international-facilities-services-limited-ifs-7,myjobmag,2026-05-24T21:41:53.665286
HSE Officer,International Facilities Services Limited - IFS,,"IFS is an international facilities management company operating global standards to wide range of clients in Nigeria, Ghana, South Africa and the Middle East.

Our expert staff members with many yea...",,,,False,0001-05-22,https://www.myjobmag.com/job/hse-officer-international-facilities-services-limited-2,myjobmag,2026-05-24T21:41:53.665286
Assistant Business Manager,Mama Cass,,In late 1981 Charis Onabowale the Group Managing Director turned what was a gift into the billion naira company that now bears the registered name Mama Cass Restaurant Limited. The gift was a small sh...,,,,False,0001-05-22,https://www.myjobmag.com/job/assistant-business-manager-mama-cass,myjobmag,2026-05-24T21:41:53.665286
Marketing Representative,Resurgir Consulting,,"Resurgir Consulting is a Nigeria-based, people-first HR and recruitment agency focusing on connecting talent, culture, and strategy to help businesses grow. Located primarily in Lagos, the firm offers...",,,,False,0001-05-22,https://www.myjobmag.com/job/marketing-representative-resurgir-consulting-1,myjobmag,2026-05-24T21:41:53.665286
Van Sales Representative,Kels Global Ventures,,This company is looking to recruit qualified applicants for Van Sales Representative role,,,,False,0001-05-22,https://www.myjobmag.com/job/van-sales-representative-kels-global-ventures-1,myjobmag,2026-05-24T21:41:53.665286
Jobs,Fadac Resources,,"Proven methodology, profound impact, and sustainable results.
These are the component that makes our company unique. At Fadac Resources we provide businesses with human capital solutions that can hel...",,,,False,0001-05-22,https://www.myjobmag.com/jobs/accounts-and-tax-manager-at-fadac-resources,myjobmag,2026-05-24T21:41:53.665286
Jobs,Westfield Consulting,,"Westfield Consulting is a management consultancy firm, specialized in Increasing Your Business Performance. It is our mission to help our clients make the right decisions & improve their organizat...",,,,False,0001-05-22,https://www.myjobmag.com/jobs/business-development-officer-at-westfield-consulting-4,myjobmag,2026-05-24T21:41:53.665286
Jobs,Suacasa,,Suacasa is a property developer focused on building design-led properties. We build innovative and design-led schemes in a number of locations across Nigeria. We have continued to gain an outstanding...,,,,False,0001-05-22,https://www.myjobmag.com/jobs/interior-architectural-supervisor-at-suacasa-2,myjobmag,2026-05-24T21:41:53.665286
Information Technology Staff,Resurgir Consulting,,"Resurgir Consulting is a Nigeria-based, people-first HR and recruitment agency focusing on connecting talent, culture, and strategy to help businesses grow. Located primarily in Lagos, the firm offers...",,,,False,0001-05-22,https://www.myjobmag.com/job/information-technology-staff-resurgir-consulting,myjobmag,2026-05-24T21:41:53.665286
Jobs,Woodgate Structure Limited,,"Woodgate Structure Limited is a Human Resource Management and Business Structuring Company, with a mindset Structured towards Sincerity of Purpose, Professionalism and Integrity",,,,False,0001-05-22,https://www.myjobmag.com/jobs/operational-manager-at-woodgate-structure-limited,myjobmag,2026-05-24T21:41:53.665286
Marketing Executive,BAT Computer Technologies,,"Bat Computer Technologies Limited is a Technology Systems integration company with vast experience in the Design, Installation and Integration of Digital Networks, Telecommunication Systems and e-busi...",,,,False,0001-05-22,https://www.myjobmag.com/job/marketing-executive-bat-computer-technologies,myjobmag,2026-05-24T21:41:53.665286
Jobs,Afripoint Group Limited,,Afripoint Group Limited is a global innovative company that leverages technology to drive businesses across borders.,,,,False,0001-05-22,https://www.myjobmag.com/jobs/business-applications-sales-executive-at-afripoint-group-limited,myjobmag,2026-05-24T21:41:53.665286
Graphics Designer,FMR AGENCY,,"At FMR Agency we have unique and creative solutions that meet the clients expectations not only by realizing the clients business objectives, but particularly by our strict adherence to the ethical principles of public relations, we always search for opportunities beyond the agreed communications and the business objectives, we address special needs in other to find unique and tailored solutions through creative approaches.",,,,False,0001-05-22,https://www.myjobmag.com/job/graphics-designer-fmr-agency,myjobmag,2026-05-24T21:41:53.665286
Secretary to the General Manager,Lvtopsun New Energy Company Limited,,"Lvtopsun is one of the leading manufacturing company of solar products in nigeria, products like inverter, solar battery etc.",,,,False,0001-05-22,https://www.myjobmag.com/job/secretary-to-the-general-manager-lvtopsun-new-energy-company-limited,myjobmag,2026-05-24T21:41:53.665286
Jobs,Montaigne Place,,"Montaigne Place Is the leading luxury cosmetics, wellbeing and fragrance company in Nigeria. We are the hallmark of sophistication, luxury makeup, skincare innovation and sublime fragrances.",,,,False,0001-05-22,https://www.myjobmag.com/jobs/spa-manager-at-montaigne-place-1,myjobmag,2026-05-24T21:41:53.665286
Junior Accountant,TeamAce Limited,,"At TeamAce, we help businesses across different industries thrive. We work with businesses to create their desired change by getting the right people, designing bespoke business processes, leveraging...",,,,False,0001-05-22,https://www.myjobmag.com/job/junior-accountant-teamace-limited-7,myjobmag,2026-05-24T21:41:53.665286
Jobs,Strategic Outsourcing Limited,,"We provide our clients with the appropriate personnel and professional people management outsourcing services for different categories of staff.

Our services include:
Employment contract managemen...",,,,False,0001-05-22,https://www.myjobmag.com/jobs/jobs-at-strategic-outsourcing-limited-1,myjobmag,2026-05-24T21:41:53.665286
Credit Relationship Officer,Creditwise Financials Limited,,CreditWise Financials Limited is a Nigerian financial lending company fast becoming a known brand in the Micro and Retail lending sector. We focus on Sustainable Lending specifically targeted towards...,,,,False,0001-05-22,https://www.myjobmag.com/job/credit-relationship-officer-creditwise-financials-limited,myjobmag,2026-05-24T21:41:53.665286
"Specialist, Corporate Communications",Nile University of Nigeria,,"Founded in 2009, Nile University is a private multidisciplinary university based in Abuja, and a proud member of Honoris United Universities since 2020. Nile University currently has over 40 undergrad...",,,,False,0001-05-22,https://www.myjobmag.com/job/specialist-corporate-communications-nile-university-of-nigeria,myjobmag,2026-05-24T21:41:53.665286
Pharmacy Technician / CHEW / Auxiliary Nurse,Castville Solutions,,"At Castville Concept, we believe in reshaping perceptions around healthcare professionals and enhancing their contribution to healthcare delivery. Our mission is twofold: to connect retail pharmacies...",,,,False,0001-05-22,https://www.myjobmag.com/job/pharmacy-technician-chew-auxiliary-nurse-castville-solutions,myjobmag,2026-05-24T21:41:53.665286
Operations & Maintenance Engineer (Salar PV & Bess),ACO Nigeria,,"ACO Nigeria, a subsidiary of ACO Group, is a premier renewable energy provider focused on delivering innovative and sustainable solutions across West Africa. Established in 2023, the company leverages...",,,,False,0001-05-22,https://www.myjobmag.com/job/operations-maintenance-engineer-salar-pv-bess-aco-nigeria,myjobmag,2026-05-24T21:41:53.665286
Account Officer,Brilliant Performance Solutions Limited,,This company is looking to recruit qualified applicants for Account Officer role,,,,False,0001-05-22,https://www.myjobmag.com/job/account-officer-brilliant-performance-solutions-limited-7,myjobmag,2026-05-24T21:41:53.665286
Marketing and Sales Intern,Brooke Addison Group,,"Brooke Addison Group of Companies which specializes in the provision of facility, property, and hotel apartment management services; development services; real estate research, and investment advisory...",,,,False,0001-05-22,https://www.myjobmag.com/job/marketing-and-sales-intern-brooke-addison-group-2,myjobmag,2026-05-24T21:41:53.665286
Safety Manager,Elite Logistics & Development Services Limited,,Elite Logistics & Development Services Limited is an indigenous company with its operating office in Lagos and duly registered under the companies and allied matters ACT 1990 with RC1195367. ELADS Lim...,,,,False,0001-05-22,https://www.myjobmag.com/job/safety-manager-elite-logistics-development-services-limited,myjobmag,2026-05-24T21:41:53.665286
Marketing Analyst,Elite Logistics & Development Services Limited,,Elite Logistics & Development Services Limited is an indigenous company with its operating office in Lagos and duly registered under the companies and allied matters ACT 1990 with RC1195367. ELADS Lim...,,,,False,0001-05-22,https://www.myjobmag.com/job/marketing-analyst-elite-logistics-development-services-limited,myjobmag,2026-05-24T21:41:53.665286
Jobs,Exotic Pet Cafe,,"Exotic Pet Cafe is a luxury pet store that provides people with a unique experience where they can explore different kinds of exotic animals. EPC provides different types of services from Pet sales, V...",,,,False,0001-05-22,https://www.myjobmag.com/jobs/sales-customer-relationship-executive-at-exotic-pet-cafe,myjobmag,2026-05-24T21:41:53.665286
Customer Service / Admin Officer,Whip Smart Service Providers Limited,,"Whip-smart service provider Ltd has two offices across Nigeria (Lagos and Port-harcourt) with her head office in Lagos. We invest in recruiting and training most skilled, qualified care givers who wil...",,,,False,0001-05-22,https://www.myjobmag.com/job/customer-service-admin-officer-whip-smart-service-providers-limited,myjobmag,2026-05-24T21:41:53.665286
Jobs,GVA Partners,,Growth  in  Value Alliance  (GV Alliance)  Partners  is  a  business  advisory  and  market intelligence services firm. Our objectives are to assist organizations to achieve their growth aspirations b...,,,,False,0001-05-22,https://www.myjobmag.com/jobs/vas-developer-intermediate-specialist-and-consultant-at-gva-partners,myjobmag,2026-05-24T21:41:53.665286
Jobs,Myrtle Management Consultants,,Partnering with clients to deliver operational improvement through a flexible and adaptable deployment model is the Myrtle Consulting Group mission. Myrtle is built on more than 25 years of hands-on e...,,,,False,0001-05-22,https://www.myjobmag.com/jobs/jobs-at-myrtle-management-consultants-37,myjobmag,2026-05-24T21:41:53.665286
Weighbridge Operator,New Hope Agric and Tech,,"New Hope Liuhe also known as New Hope Agric and Tech is an agricultural feed manufacturing industry, producing chicken feed, pig feed and also fish feed.",,,,False,0001-05-22,https://www.myjobmag.com/job/weighbridge-operator-new-hope-agric-and-tech-2,myjobmag,2026-05-24T21:41:53.665286
Indian Chef,Bolton White Hotels & Apartments,,"In the heartland of Nigeria, approximately 30 minutes’ drive from the Nnamdi Azikiwe  International airport,about 5 minutes drive from the international Conference Center/ National Assembly comp...",,,,False,0001-05-22,https://www.myjobmag.com/job/indian-chef-bolton-white-hotels-amp-apartments,myjobmag,2026-05-24T21:41:53.665286
Creative & Cultural Arts Educator,Jewels Leading Lights Academy,,Jewels Leading Lights Academy is a Christian school that started off in September 2013 and was birth from the Bible club where children gather every Saturday to learn about Jesus and how to shine as l...,,,,False,0001-05-22,https://www.myjobmag.com/job/creative-cultural-arts-educator-jewels-leading-lights-academy,myjobmag,2026-05-24T21:41:53.665286
Electrician,Flour Mills of Nigeria Plc,,"Flour Mills of Nigeria Plc was incorporated in September 1960 as a private limited liability company, and commenced operations in 1962 with an installed capacity of 600 metric tons per day. The Compan...",,,,False,0001-05-22,https://www.myjobmag.com/job/electrician-flour-mills-of-nigeria-plc-21,myjobmag,2026-05-24T21:41:53.665286
Incident Management Specialist,inDrive,,inDrive is an international passenger transportation service with more than 150 million users. We are the top 2nd ride-hailing mobile app by downloads worldwide operating in more than 700 cities from...,,,,False,0001-05-22,https://www.myjobmag.com/job/incident-management-specialist-indrive,myjobmag,2026-05-24T21:41:53.665286
Marine Engineer,ABL Group,,"ABL Group is a leading global independent energy and marine consultant working in energy and oceans to de-risk and drive the energy transition across the renewables, maritime and oil and gas sectors, offering our clients the deepest pool of world-class expertise across marine, engineering and adjusting disciplines from more than 300 locations worldwide.",,,,False,0001-05-22,https://www.myjobmag.com/job/marine-engineer-abl-group,myjobmag,2026-05-24T21:41:53.665286
Sales Operations Analyst,AACE Food Processing & Distribution Limited,,"AACE Food Processing & Distribution Ltd. (AACE Foods) is an indigenous Nigerian company which was established in November 2009. We process, package and distribute nutritious and tasty food made fr...",,,,False,0001-05-22,https://www.myjobmag.com/job/sales-operations-analyst-aace-food-processing-amp-distribution-limited,myjobmag,2026-05-24T21:41:53.665286
"Solution Architect (Intermediate, Specialist, and Consultant)",Growth in Value Alliance (GVA) Partners,,Growth  in  Value Alliance  (GV Alliance)  Partners  is  a  business  advisory  and  market intelligence services firm. Our objectives are to assist organizations to achieve their growth aspirations b...,,,,False,0001-05-22,https://www.myjobmag.com/job/solution-architect-intermediate-specialist-and-consultant-gva-partners,myjobmag,2026-05-24T21:41:53.665286
Senior Network Engineer,InfoHob,,InfoHob is an Information Technology company in Abuja,,,,False,0001-05-22,https://www.myjobmag.com/job/senior-network-engineer-infohob-1,myjobmag,2026-05-24T21:41:53.665286
Operations & Maintenance Engineer (Solar PV & BESS),ACO Nigeria,,"Sosaco Nigeria Limited (SNL) was established in 1998 and at present is a major player in the branded foods market.

With a vision of being the market leader in the FMCG segment , the company concent...",,,,False,0001-05-22,https://www.myjobmag.com/job/operations-maintenance-engineer-solar-pv-bess-sosaco-nigeria-ltd,myjobmag,2026-05-24T21:41:53.665286
Regulatory Officer,T.O.N Corporate Services,,"We are a business management firm with a primary focus on helping Start-ups thrive and achieve their business goals. We offer a wide range of corporate services from legal business solutions, human re...",,,,False,0001-05-22,https://www.myjobmag.com/job/regulatory-officer-t-o-n-corporate-services,myjobmag,2026-05-24T21:41:53.665286
Pharmacist,Gleeworld Pharmacy Ltd,,Gleeworld Pharmacy is a medication management and telepharmacy startup that offers low-mid income consumers hassle-free access to their repeat medications. Gleeworld aims to solve the problem of medic...,,,,False,0001-05-22,https://www.myjobmag.com/job/pharmacist-gleeworld-pharmacy-ltd-1,myjobmag,2026-05-24T21:41:53.665286
Jobs,Premium Human Resource Solution Limited,,Premium HR Solutions is a human resource consultancy company which offers strategic and effective HR solutions for small to medium sized businesses.,,,,False,0001-05-22,https://www.myjobmag.com/jobs/jobs-at-premium-human-resource-solution-limited-12,myjobmag,2026-05-24T21:41:53.665286
Senior Auditor - Field Compliance & Investigations,New Incentives,,"New Incentives is a US-based nonprofit committed to implementing health-related cash transfer programs to save lives in developing countries. Operating in Nigeria, New Incentives gives pregnant women...",,,,False,0001-05-22,https://www.myjobmag.com/job/senior-auditor-field-compliance-investigations-new-incentives,myjobmag,2026-05-24T21:41:53.665286
Production Technician,Grand Oak Limited (GOL),,"VISION
To be a well admired pan-African conglomerate

MISSION
To be a world class conglomerate

Our Core Values

Team Work and collaboration
We are part of a team committed to working togethe...",,,,False,0001-05-22,https://www.myjobmag.com/job/production-technician-grand-oak-limited,myjobmag,2026-05-24T21:41:53.665286
Stores Accounting Profile – Tally,Afconrecruit Limited,,Afconrecruit Limited is a company that provides solutions to improve the quality and output of the work transaction for both Employers and Employees.,,,,False,0001-05-22,https://www.myjobmag.com/job/stores-accounting-profile-tally-afconrecruit-limited,myjobmag,2026-05-24T21:41:53.665286
Cashier,Creditcrest Capital,,"Creditcrest Capital and Investment is a financial company that offer loans ranging from micro loan (retail), macro loan, sme loan, salary advance loan, asset financing,school support loan, solar energ...",,,,False,0001-05-22,https://www.myjobmag.com/job/cashier-creditcrest-capital-and-investment,myjobmag,2026-05-24T21:41:53.665286
Jobs,Rainbow Educational Services Limited,,"Rainbow Educational Services Limited (RESL) is an education management company in Nigeria that operates K-12 schools, including Pampers Private School and Rainbow College.",,,,False,0001-05-22,https://www.myjobmag.com/jobs/jobs-at-rainbow-educational-services-limited-1,myjobmag,2026-05-24T21:41:53.665286
Senior Category Manager,Ruff n Tumble,,"Ruff n Tumble is Nigerian’s Leading Clothing Brand for Cool teens and Kids with an international appeal. At Ruffntumble, we design, produce and retail clothing for boys and girls from new born t...",,,,False,0001-05-22,https://www.myjobmag.com/job/senior-category-manager-ruff-n-tumble,myjobmag,2026-05-24T21:41:53.665286
Tele Marketer / Sales Representative,Ellasot Consulting,,"Entrepreneurs turn ideas into business ventures, in most cases these enterprises starts little and grow big after some years, but this fact is peculiar to a small fragment compared to the total number of businesses that kicked off as a result of poor or lack of coaching ,mentoring, knowledge upgrade,education,training to improve skills and other needful support services.

Ellasot consulting has stepped in to bridge the gap for organizations, individuals and SMEs,creating opportunity for them t",,,,False,0001-05-22,https://www.myjobmag.com/job/tele-marketer-sales-representative-ellasot-consulting,myjobmag,2026-05-24T21:41:53.665286
Recovery Officer,Boctrust Microfinance Bank,,"BOCTRUST MICROFINANCE BANK is a financial institution licensed by Central Bank of Nigeria to give social and economic Support to the lower middle class, working class and the economically active poor",,,,False,0001-05-22,https://www.myjobmag.com/job/recovery-officer-boctrust-microfinance-bank-2,myjobmag,2026-05-24T21:41:53.665286
Site Manager / Material Supervisor (QS Background),Suacasa Nigeria Limited,,Suacasa is a property developer focused on building design-led properties. We build innovative and design-led schemes in a number of locations across Nigeria. We have continued to gain an outstanding...,,,,False,0001-05-22,https://www.myjobmag.com/job/site-manager-material-supervisor-qs-background-suacasa,myjobmag,2026-05-24T21:41:53.665286
Jobs,Ibadan Electricity Distribution Company (IBEDC) Plc,,"Ibadan Electricity Distribution Company (IBEDC) Plc - Headquartered in Ibadan is responsible for electricity distribution within the south western zone(Oyo, Ogun, Osun and kwara as well as some parts...",,,,False,0001-05-22,https://www.myjobmag.com/jobs/jobs-at-ibadan-electricity-distribution-company-ibedc-plc-11,myjobmag,2026-05-24T21:41:53.665286
Corporate Credit Analyst,Rand Merchant Bank,,"Rand Merchant Bank (RMB), a division of FirstRand Bank Limited, is a leading African corporate and investment bank and part of one of the largest financial services groups in Africa. We offer our clie...",,,,False,0001-05-22,https://www.myjobmag.com/job/corporate-credit-analyst-rand-merchant-bank-9,myjobmag,2026-05-24T21:41:53.665286
Jobs,Brilliant Performance Solutions Limited,,This company is looking to recruit qualified applicants for the role below,,,,False,0001-05-22,https://www.myjobmag.com/jobs/internal-auditor-compliance-officer-at-brilliant-performance-solutions-limited-2,myjobmag,2026-05-24T21:41:53.665286
Protection Monitor,Aid Initiative to Support Vulnerable and Ideal People (AISVIP),,Aid Initiative to Support Vulnerable and Ideal People (AISVIP) is a Non-Governmental Organization geared toward empowering vulnerable and less privilege people in the society. The organization history...,,,,False,0001-05-22,https://www.myjobmag.com/job/protection-monitor-aid-initiative-to-aid-initiative-to-support-vulnerable-and-ideal-people-aisvip-1,myjobmag,2026-05-24T21:41:53.665286
Sustainability Strategy & Execution Manager,BUA Foods,,"BUA Foods is a leading Food and Fast-moving consumer goods (“FMCG”) business which processes, manufactures, and distributes food produce as well as packaged food. Our business operations comprise...",,,,False,0001-05-22,https://www.myjobmag.com/job/sustainability-strategy-execution-manager-bua-foods,myjobmag,2026-05-24T21:41:53.665286
Jobs,Lily Hospitals Limited,,"Lily Hospitals is a multi-specialty private hospital. We offer world-class services in key areas of healthcare including fertility treatment, cardiology, urology, ophthalmology and pediatrics.

Coll...",,,,False,0001-05-22,https://www.myjobmag.com/jobs/jobs-at-lily-hospitals-limited-35,myjobmag,2026-05-24T21:41:53.665286
Career Opportunities,Rayfield Medical Services Ltd,,"Rayfield Medical Services Ltd is a trusted private healthcare institution committed to delivering quality, affordable, and patient-centered medical care in Plateau State, Nigeria. Established in 2013,...",,,,False,0001-05-22,https://www.myjobmag.com/jobs/career-opportunities-at-rayfield-medical-services-ltd,myjobmag,2026-05-24T21:41:53.665286
Clinical Psychologist,eDokita Health,,"A health tech organization that provides medical information and consultation. Helping people make informed health choices & live a life full of vitality.  We provide #telemedicine services, mobile cl...",,,,False,0001-05-22,https://www.myjobmag.com/job/clinical-psychologist-edokita-health-1,myjobmag,2026-05-24T21:41:53.665286
Electrical Engineer,OandM Engineering Limited,,"OandM Engineering is a distinguished industrial solutions provider specializing in Technical and Engineering Services. With a rich legacy of proven experience, we are committed to delivering comprehen...",,,,False,0001-05-22,https://www.myjobmag.com/job/electrical-engineer-oandm-engineering-limited,myjobmag,2026-05-24T21:41:53.665286
Procurement Officer,Buckler Systems Limited,,"Buckler Ordnance Systems Limited is a Nigerian defense solutions provider with strong expertise in manufacturing civilian armored vehicles, design, and prototyping of military vehicles and ordnance equipment.",,,,False,0001-05-22,https://www.myjobmag.com/job/procurement-officer-buckler-ordnance-systems-limited-4,myjobmag,2026-05-24T21:41:53.665286
Jobs,Ascentech Services Limited,,Ascentech Services Ltd acts as a gateway to provide a wide range of recruitment and selection services to companies. We are a dedicated team of professional consultants offering top-of-the-line executive recruitment and selection services. We cater for the needs of a range of professionals seeking employment and work together to create effective solutions using our networks and strong client base.,,,,False,0001-05-22,https://www.myjobmag.com/jobs/jobs-at-ascentech-services-limited-165,myjobmag,2026-05-24T21:41:53.665286
Jobs,Adron Homes & Properties Limited,,"ADRON is a Real Estate and Property Development Company whose purpose to help people realize their aspirations for the pride of ownership, comfort, security and wealth through the provision of excelle...",,,,False,0001-05-22,https://www.myjobmag.com/jobs/jobs-at-adron-homes-properties-limited-3,myjobmag,2026-05-24T21:41:53.665286
Jobs,Firewood Rice Nigeria,,"At Firewood Rice Nigeria, we don’t just serve meals - we serve memories. With a deep-rooted love for authentic Nigerian dishes, we’ve built a brand that delivers comfort, flavor, and joy to our cu...",,,,False,0001-05-22,https://www.myjobmag.com/jobs/food-packaging-officer-at-firewood-rice-nigeria-1,myjobmag,2026-05-24T21:41:53.665286
Field Assistant,Malaria Consortium,,"Malaria Consortium Nigeria is committed to tackling the large number of malaria cases and deaths in the country. Working in partnership with the Ministry of Health and other partners, we lead and supp...",,,,False,0001-05-22,https://www.myjobmag.com/job/field-assistant-malaria-consortium-15,myjobmag,2026-05-24T21:41:53.665286
Senior Technical Product Manager,PiggyTech Global Limited,,Piggyvest is a platform that helps individuals and businesses manage their finances effectively - save and invest with ease.,,,,False,0001-05-22,https://www.myjobmag.com/job/senior-technical-product-manager-piggytech-global-limited-piggyvest,myjobmag,2026-05-24T21:41:53.665286
Driver- New GRA,Fastest Cakes,,Fastest cakes was birthed with the vision of delivering awesome and affordable cakes very fast.,,,,False,0001-05-22,https://www.myjobmag.com/job/driver-new-gra-fastest-cakes-2,myjobmag,2026-05-24T21:41:53.665286
Operations Manager,Boch Systems Company Limited,,"Boch Systems Company Limited Is The Leading Information Availability Company In Africa. Boch Systems, Incorporated In 2006 By a Team Of Seasoned Executives With Vast Experience And Pedigree On Service...",,,,False,0001-05-22,https://www.myjobmag.com/job/operations-manager-boch-systems-company-limited,myjobmag,2026-05-24T21:41:53.665286
Sales Executive,Flutterwave,,"Our mission is to power a new wave of prosperity across Africa. By enabling global digital payments on a continent that’s been largely cut off from the digital economy, we’re creating the...",,,,False,0001-05-22,https://www.myjobmag.com/job/sales-executive-flutterwave,myjobmag,2026-05-24T21:41:53.665286
HRIS & People Analyst,PZ Cussons,,"PZ Cussons Nigeria Plc is part of a multinational consumer goods business, PZ Cussons Plc. We manufacture and distribute some of the best loved brands in Nigeria, from Imperial Leather to Cussons Baby...",,,,False,0001-05-22,https://www.myjobmag.com/job/hris-people-analyst-pz-cussons,myjobmag,2026-05-24T21:41:53.665286
Medical Sales Representative,,,"Flamingo Pharmaceutical & Cosmetics Limited is an indigenous pharmaceutical company incorporated in the year 2020. We specialize in importation, marketing, sales and distribution of high-quality pharm...",,,,False,0001-05-22,https://www.myjobmag.com/job/medical-sales-representative-flamingo-pharmaceuticals-cosmetics-limited,myjobmag,2026-05-24T21:41:53.665286
Laboratory Chemist,EBENCO Group,,"Petroleum and Domestic Waste Management, Oil Trading & Supply, Environmental Consultancy, Marine Support and Engineering Service, Ship Management and Port Logistics Services, Oil Waste Recycling & Oil...",,,,False,0001-05-22,https://www.myjobmag.com/job/laboratory-chemist-ebenco-group,myjobmag,2026-05-24T21:41:53.665286
Van Sales Representative,High Caliber Nigeria Limited,,"High Caliber Nigeria Limited is a human resources /management consultancy company. We specialize in the following areas; Outsourcing, Recruitment and Placement, Human Capacity Development (Training),...",,,,False,0001-05-22,https://www.myjobmag.com/job/van-sales-representative-high-caliber-nigeria-limited-6,myjobmag,2026-05-24T21:41:53.665286
Administrative Assistant / Brand & Media Communication Assistant,Brenhazy Limited,,"Brenhazy Limited is a privately owned Nigerian company incorporated in 2014 to provide Manpower Services, Engineering, Procurement, and Construction (EPC) services to companies in line with standard r...",,,,False,0001-05-22,https://www.myjobmag.com/job/administrative-assistant-brand-media-communication-assistant-brenhazy-limited,myjobmag,2026-05-24T21:41:53.665286
Job Offers,Bluechip Technologies Limited,,"BlueChip Technologies is a leading business application firm focused exclusively on assisting organizations in planning, designing, implementing and operating business application solutions and strate...",,,,False,0001-05-22,https://www.myjobmag.com/jobs/job-offers-at-bluechip-technologies-limited,myjobmag,2026-05-24T21:41:53.665286
Direct Sales Agent - DSA,Sonora Credit and Advisory Limited,,"We are SONORA CAPITAL AND INVESTMENT LIMITED, a financial services company that is dedicated to managing assets and providing advisory services for carefully selected clientele that desire high qualit...",,,,False,0001-05-22,https://www.myjobmag.com/job/direct-sales-agent-dsa-sonora-capital-and-investment-limited-2,myjobmag,2026-05-24T21:41:53.665286
Jobs,Bolton White Hotels & Apartments,,"In the heartland of Nigeria, approximately 30 minutes’ drive from the Nnamdi Azikiwe  International airport,about 5 minutes drive from the international Conference Center/ National Assembly comp...",,,,False,0001-05-22,https://www.myjobmag.com/jobs/jobs-at-bolton-white-hotels-apartments-11,myjobmag,2026-05-24T21:41:53.665286
Latest Jobs,Afrimash,,Afrimash is Nigeria’s leading eCommerce marketplace for agricultural items. where you can shop conveniently and securely for quality items and receive your order safely at your location.,,,,False,0001-05-22,https://www.myjobmag.com/jobs/latest-jobs-at-afrimash-1,myjobmag,2026-05-24T21:41:53.665286
Jobs,TRANOS,,"TRANOS is a diversified engineering and technology company focused on simplifying lives through innovative solutions
 In over 8 years of existence, TRANOS has grown into a reputable and international...",,,,False,0001-05-22,https://www.myjobmag.com/jobs/jobs-at-tranos-15,myjobmag,2026-05-24T21:41:53.665286
Relationship Managers,Ecobank Nigeria,,"Ecobank Transnational Incorporated (ETI), a public limited liability company, was established as a bank holding company in 1985 under a private sector initiative spearheaded by the Federation of West...",,,,False,0001-05-22,https://www.myjobmag.com/jobs/relationship-manager-at-ecobank-nigeria-1,myjobmag,2026-05-24T21:41:53.665286
Fresh Jobs,BOURBON Oil & Gas,,"In constant pursuit of operational excellence, we meet the needs of oil and gas clients by offering a wide range of services in continental offshore and deepwater offshore. Deeply anchored locally, we...",,,,False,0001-05-22,https://www.myjobmag.com/jobs/fresh-jobs-at-bourbon-oil-gas-1,myjobmag,2026-05-24T21:41:53.665286
Experienced Driver,Coscharis Mobility Limited,,"Coscharis will deliver excellent products and services to our customers, giving them the highest value for their money and will officecontribute to societal development and progress by exploring and e...",,,,False,0001-05-22,https://www.myjobmag.com/job/experienced-driver-coscharis-group-5,myjobmag,2026-05-24T21:41:53.665286
Jobs,HR-on-Wheels,,HR-on-Wheels is the premier one-stop shop for all HR needs of your startup and SMEs. We understand the importance of laying the right foundation for your people strategy and thus tailored our offering...,,,,False,0001-05-22,https://www.myjobmag.com/jobs/audit-associate-at-hr-on-wheels,myjobmag,2026-05-24T21:41:53.665286
Field Marketer,Cashir App,,"Cashir is a digital app that enables you be the bank, anywhere and anytime ⚡️ A banking revolution has begun! Join the movement, Join Cashir.",,,,False,0001-05-22,https://www.myjobmag.com/job/field-marketer-cashir-app,myjobmag,2026-05-24T21:41:53.665286
Note Counter,Fort Knox Outsourcing,,Fort Knox Group is one of the most diversified security and financial outfits in West Africa with fixed based operation in Nigeria servicing security contracts throughout the West Africa sub-region fr...,,,,False,0001-05-22,https://www.myjobmag.com/job/note-counter-fort-knox-group-1,myjobmag,2026-05-24T21:41:53.665286
Senior Facility Management Analyst,Ardova Plc,,Ardova Plc is a Nigerian leading indigenous and integrated energy company involved in the distribution of petroleum products. With an extensive network of over 450 retail outlets in Nigeria and signif...,,,,False,0001-05-22,https://www.myjobmag.com/job/senior-facility-management-analyst-ardova-plc,myjobmag,2026-05-24T21:41:53.665286
Latest Jobs,Emerald Food & Beverages Company Ltd,,We are a health and wellness benefits company specialized in the production of MANGERO premium bottled water. All our products are made with the assurance of high quality in a super hygienic environme...,,,,False,0001-05-22,https://www.myjobmag.com/jobs/latest-jobs-at-emerald-food-beverages-company-ltd-2,myjobmag,2026-05-24T21:41:53.665286
Specialist Animator (Visual Effects & Audio Visuals),T2 (Formerly 9Mobile),,T2 Mobile is the new brand identity for the Nigerian telecommunications company previously known as 9mobile,,,,False,0001-05-22,https://www.myjobmag.com/job/specialist-animator-visual-effects-audio-visuals-9mobile,myjobmag,2026-05-24T21:41:53.665286
Jobs,Ren San & Co,,"Ren San & Co is a boutique management and business support service firm that specialises in providing strategic solutions to organisations, individuals and corporations across various industries. Our...",,,,False,0001-05-22,https://www.myjobmag.com/jobs/program-manager-at-ren-san-co-1,myjobmag,2026-05-24T21:41:53.665286
Latest Jobs,IpNX Nigeria Limited,,"ipNX Nigeria Limited is a leading provider of infrastructure-based Telecommunications and Information Technology services here in Nigeria. Leveraging more than a decade of experience, the company was...",,,,False,0001-05-22,https://www.myjobmag.com/jobs/team-lead-network-monitoring-centre-at-ipnx-nigeria-limited-6,myjobmag,2026-05-24T21:41:53.665286
"Manager, Tax",KPMG,,"KPMG is one of the largest professional services companies in the world and one of the Big Four auditors, along with Deloitte, EY and PwC. Its global headquarters is located in Amstelveen, the Netherl...",,,,False,0001-05-22,https://www.myjobmag.com/job/manager-tax-kpmg,myjobmag,2026-05-24T21:41:53.665286
Stabilization Center Doctor,International Rescue Committee (IRC),,"The International Rescue Committee (IRC) is a global humanitarian aid, relief and development nongovernmental organization. Founded in 1933 at the request of Albert Einstein, the IRC offers emergency...",,,,False,0001-05-22,https://www.myjobmag.com/job/stabilization-center-doctor-international-rescue-committee-irc-8,myjobmag,2026-05-24T21:41:53.665286
English Teacher,Lead British International School Limited (LBIS),,"Lead British International School (LBIS) is amongst the best schools in Nigeria. We are a co-educational school that started in September, 2007. In September 2017 we also opened our doors in Ibadan with Early Years, Primary and Secondary sections.",,,,False,0001-05-22,https://www.myjobmag.com/job/english-teacher-lead-british-international-school-limited-lbis,myjobmag,2026-05-24T21:41:53.665286
Job Openings,British Community Hospital and Outpatient Clinics - BCHOC,,"British Community Hospital and Outpatient Clinic (BCHOC) is a one stop comprehensive and effective general healthcare deliveries for yourself, family, and organisations with zero waiting time. Service...",,,,False,0001-05-22,https://www.myjobmag.com/jobs/job-openings-at-british-community-hospital-and-outpatient-clinics-bchoc,myjobmag,2026-05-24T21:41:53.665286
Zolon Business Development Executive,Emzor Pharmaceutical Industries Limited,,"Emzor Pharmaceutical Industries Limited is a wholly private indigenous pharmaceutical manufacturing group founded in 1984 by Dr. Stella C. Okoli, OON. The company is into the manufacture of high quali...",,,,False,0001-05-22,https://www.myjobmag.com/job/zolon-business-development-executive-emzor-pharmaceutical-industries-limited,myjobmag,2026-05-24T21:41:53.665286
Jobs,Cobranet Limited,,"Cobranet Limited was incorporated in 2003 and began its operations to provide the Nigerian Market with a reliable Internet Service and meet the requirements of the market, positioning itself as a lead...",,,,False,0001-05-22,https://www.myjobmag.com/jobs/jobs-at-cobranet-limited-8,myjobmag,2026-05-24T21:41:53.665286
Accountant,Cen Global Services Limited,,"Cen Global Services Limited (“Cen Global”) is proudly a Nigerian registered company with broad business interest in Human Resources Management Services, Facility Management, and Haulage & Logistic...",,,,False,0001-05-22,https://www.myjobmag.com/job/accountant-cen-global-services-limited-12,myjobmag,2026-05-24T21:41:53.665286
Jobs,Castville Solutions,,"At Castville Concept, we believe in reshaping perceptions around healthcare professionals and enhancing their contribution to healthcare delivery. Our mission is twofold: to connect retail pharmacies...",,,,False,0001-05-22,https://www.myjobmag.com/jobs/full-time-pharmacist-at-castville-solutions,myjobmag,2026-05-24T21:41:53.665286
Field Service Technician,Krones Group,,"The Krones Group, headquartered in Neutraubling, Germany, plans, develops and manufactures machines and complete lines for the fields of process, filling and packaging technology. Its product portfoli...",,,,False,0001-05-22,https://www.myjobmag.com/job/field-service-technician-krones-group-1,myjobmag,2026-05-24T21:41:53.665286
School Coding Instructor,New Horizons Computer Learning Centers,,"As changes in technology have accelerated, it’s become even more essential for people to master technology to be productive, invaluable employees who optimize, program and invent solutions-and e...",,,,False,0001-05-22,https://www.myjobmag.com/job/school-coding-instructor-new-horizons-computer-learning-centers-3,myjobmag,2026-05-24T21:41:53.665286
Financial Accountant,Dunn & Braxton,,"We are a team of professionals with a combined experience of over 50 years, dedicated to helping our clients advance their cause.",,,,False,0001-05-22,https://www.myjobmag.com/job/financial-accountant-dunn-amp-braxton,myjobmag,2026-05-24T21:41:53.665286
Account Officer,Taghini Foods,,"TAGHINI FOODS is a traditional poultry processing Company based in Ibadan. We supply fresh and frozen poultry products to wholesalers, caterers and further processors, including products suitable for...",,,,False,0001-05-22,https://www.myjobmag.com/job/account-officer-taghini-foods-1,myjobmag,2026-05-24T21:41:53.665286
Team Lead- Relationship Management,OmniRetail Technology,,"OmniRetail is a unified consumer goods distribution platform that improves the inefficiencies of traditional trade by digitising the key stakeholders through its stellar products; OmniBiz, the B2B e-c...",,,,False,0001-05-22,https://www.myjobmag.com/job/team-lead-relationship-management-omniretail-technology,myjobmag,2026-05-24T21:41:53.665286
Real Estate Investment Manager,Egatee Online Ecommerce,,"Egatee is the No. 1 B2B E-commerce high tech platform company in Africa, the head office is in Hong Kong China. we are operating well in Uganda, Ghana,Cote' d' Ivoire and India. Our mission is...",,,,False,0001-05-22,https://www.myjobmag.com/job/real-estate-investment-manager-egatee-online-ecommerce,myjobmag,2026-05-24T21:41:53.665286
Investigative Journalist,Crossing Hurdles,Remote,Remote,,,,False,2026-05-23,https://remoteOK.com/remote-jobs/remote-investigative-journalist-crossing-hurdles-1132064,remoteok,2026-05-24T21:47:34.485340
Journalist,Crossing Hurdles,Remote,Remote,,,,False,2026-05-23,https://remoteOK.com/remote-jobs/remote-journalist-crossing-hurdles-1132063,remoteok,2026-05-24T21:47:34.485340
Maintenance,Pacific Cyber Technology Pvt Ltd,Daman and Diu,Remote,,,,False,2026-05-23,https://remoteOK.com/remote-jobs/remote-maintenance-pacific-cyber-technology-pvt-ltd-1132148,remoteok,2026-05-24T21:47:34.485340
Junior Graphic Designer,Twine,Remote,Remote,,,,False,2026-05-23,https://remoteOK.com/remote-jobs/remote-junior-graphic-designer-twine-1132062,remoteok,2026-05-24T21:47:34.485340
HR Assistant,Aisle and Abroad,"Texas, Texas, United States",Remote,,,,False,2026-05-23,https://remoteOK.com/remote-jobs/remote-hr-assistant-aisle-and-abroad-1132144,remoteok,2026-05-24T21:47:34.485340
Data Entry Clerk,Aisle and Abroad,"Pennsylvania, Pennsylvania, United States",Remote,,,,False,2026-05-23,https://remoteOK.com/remote-jobs/remote-data-entry-clerk-aisle-and-abroad-1132129,remoteok,2026-05-24T21:47:34.485340
Email Support Representative,Aisle and Abroad,"Pennsylvania, Pennsylvania, United States",Remote,,,,False,2026-05-23,https://remoteOK.com/remote-jobs/remote-email-support-representative-aisle-and-abroad-1132139,remoteok,2026-05-24T21:47:34.485340
Employers,TRS Resourcing,Campbellfield,Remote,,,,False,2026-05-23,https://remoteOK.com/remote-jobs/remote-employers-trs-resourcing-1132103,remoteok,2026-05-24T21:47:34.485340
Generalist,Crossing Hurdles,Remote,Remote,,,,False,2026-05-23,https://remoteOK.com/remote-jobs/remote-generalist-crossing-hurdles-1132000,remoteok,2026-05-24T21:47:34.485340
Word Document Specialist Fully,Mercor,"London, London, England, United Kingdom",Remote,,,,False,2026-05-23,https://remoteOK.com/remote-jobs/remote-word-document-specialist-fully-mercor-1132066,remoteok,2026-05-24T21:47:34.485340
Graphic Designer,Mercor,"London, London, England, United Kingdom",Remote,,,,False,2026-05-23,https://remoteOK.com/remote-jobs/remote-graphic-designer-mercor-1132065,remoteok,2026-05-24T21:47:34.485340
Curriculum Developer,Mercor,"London, London, England, United Kingdom",Remote,,,,False,2026-05-23,https://remoteOK.com/remote-jobs/remote-curriculum-developer-mercor-1132151,remoteok,2026-05-24T21:47:34.485340
Virtual Assistant,Aisle and Abroad,United States,Remote,,,,False,2026-05-23,https://remoteOK.com/remote-jobs/remote-virtual-assistant-aisle-and-abroad-1131986,remoteok,2026-05-24T21:47:34.485340
Docentes de licenciatura online UANE,Lottus Education,"Monterrey, Monterrey, Nuevo LeÃ³n, MÃ©xico",Remote,,,,False,2026-05-23,https://remoteOK.com/remote-jobs/remote-docentes-de-licenciatura-online-uane-lottus-education-1132155,remoteok,2026-05-24T21:47:34.485340
Assistente Administrativo CobranÃ§a CLT,Mell.ro,"Curitiba, Curitiba, ParanÃ¡, Brasil",Remote,,,,False,2026-05-23,https://remoteOK.com/remote-jobs/remote-assistente-administrativo-cobranca-clt-mell-ro-1132122,remoteok,2026-05-24T21:47:34.485340
Suporte Help Desk N1 CLT,Mell.ro,"Curitiba, Curitiba, ParanÃ¡, Brasil",Remote,,,,False,2026-05-23,https://remoteOK.com/remote-jobs/remote-suporte-help-desk-n1-clt-mell-ro-1132121,remoteok,2026-05-24T21:47:34.485340
Project Coordinator,Aisle and Abroad,"New York, New York, United States",Remote,,,,False,2026-05-23,https://remoteOK.com/remote-jobs/remote-project-coordinator-aisle-and-abroad-1131983,remoteok,2026-05-24T21:47:34.485340
Data Analyst,Aisle and Abroad,"California, California, United States",Remote,,,,False,2026-05-23,https://remoteOK.com/remote-jobs/remote-data-analyst-aisle-and-abroad-1131982,remoteok,2026-05-24T21:47:34.485340
FlentX,Flent,Bengaluru,Remote,,,,False,2026-05-23,https://remoteOK.com/remote-jobs/remote-flentx-flent-1132145,remoteok,2026-05-24T21:47:34.485340
Social Media Content Creator,Favoured,Remote,Remote,,,,False,2026-05-23,https://remoteOK.com/remote-jobs/remote-social-media-content-creator-favoured-1131919,remoteok,2026-05-24T21:47:34.485340
Product Designer,Gocertify,Remote,Remote,,,,False,2026-05-23,https://remoteOK.com/remote-jobs/remote-product-designer-gocertify-1131914,remoteok,2026-05-24T21:47:34.485340
Directeur Audio Audio Director,Side,Remote,Remote,,,,False,2026-05-23,https://remoteOK.com/remote-jobs/remote-directeur-audio-audio-director-side-1131884,remoteok,2026-05-24T21:47:34.485340
Game Tester,Crossing Hurdles,Canada,Remote,,,,False,2026-05-23,https://remoteOK.com/remote-jobs/remote-game-tester-crossing-hurdles-1131883,remoteok,2026-05-24T21:47:34.485340
Executive Assistant,Zirtual,Canada,Remote,,,,False,2026-05-23,https://remoteOK.com/remote-jobs/remote-executive-assistant-zirtual-1131882,remoteok,2026-05-24T21:47:34.485340
MEX Cajero Sucursal,Universia MÃ©xico,"Ãngel Albino Corzo, Ãngel Albino Corzo, Chiapas, MÃ©xico",Remote,,,,False,2026-05-23,https://remoteOK.com/remote-jobs/remote-mex-cajero-sucursal-universia-mexico-1131923,remoteok,2026-05-24T21:47:34.485340
Graphic Designer,milk + honey,Austin,Remote,,,,False,2026-05-23,https://remoteOK.com/remote-jobs/remote-graphic-designer-milk-honey-1131978,remoteok,2026-05-24T21:47:34.485340
Content Editor,Crossing Hurdles,Remote,Remote,,,,False,2026-05-23,https://remoteOK.com/remote-jobs/remote-content-editor-crossing-hurdles-1131880,remoteok,2026-05-24T21:47:34.485340
Virtual Assistant Panelist,RG&amp;T Solutions,Greater Binghamton,Remote,,,,False,2026-05-23,https://remoteOK.com/remote-jobs/remote-virtual-assistant-panelist-rgampt-solutions-1131988,remoteok,2026-05-24T21:47:34.485340
Online Focus Group Panelist,RG&amp;T Solutions,Quad Cities Metropolitan Area,Remote,,,,False,2026-05-23,https://remoteOK.com/remote-jobs/remote-online-focus-group-panelist-rgampt-solutions-1132177,remoteok,2026-05-24T21:47:34.485340
IT Support Specialist,RemoteVA,Remote,Remote,,,,False,2026-05-23,https://remoteOK.com/remote-jobs/remote-it-support-specialist-remoteva-1131875,remoteok,2026-05-24T21:47:34.485340
Executive Assistant the CEO,Virtana Corp.,Remote,Remote,,,,False,2026-05-23,https://remoteOK.com/remote-jobs/remote-executive-assistant-the-ceo-virtana-corp-1131867,remoteok,2026-05-24T21:47:34.485340
Security Officer,Buckeye Partners,Freeport Ridge Estate,Remote,,,,False,2026-05-23,https://remoteOK.com/remote-jobs/remote-security-officer-buckeye-partners-1132032,remoteok,2026-05-24T21:47:34.485340
Profesores de EspaÃ±ol como lengua extranjera,Apprentus,Barcelona,Remote,,,,False,2026-05-23,https://remoteOK.com/remote-jobs/remote-profesores-de-espanol-como-lengua-extranjera-apprentus-1131910,remoteok,2026-05-24T21:47:34.485340
Profesores de ELE para clases particulares,Apprentus,Granada,Remote,,,,False,2026-05-23,https://remoteOK.com/remote-jobs/remote-profesores-de-ele-para-clases-particulares-apprentus-1131998,remoteok,2026-05-24T21:47:34.485340
Profesor y Tutor para Apoyo Escolar y Clases Particulares,Apprentus,Sevilla,Remote,,,,False,2026-05-23,https://remoteOK.com/remote-jobs/remote-profesor-y-tutor-para-apoyo-escolar-y-clases-particulares-apprentus-1131917,remoteok,2026-05-24T21:47:34.485340
Social Media Content Creator,FuseGlobal,Remote,Remote,,,,False,2026-05-23,https://remoteOK.com/remote-jobs/remote-social-media-content-creator-fuseglobal-1131865,remoteok,2026-05-24T21:47:34.485340
Chief Operating Officer,UltaHost,"Sofia, Sofia, Sofia City, Bulgaria",Remote,,,,False,2026-05-23,https://remoteOK.com/remote-jobs/remote-chief-operating-officer-ultahost-1131999,remoteok,2026-05-24T21:47:34.485340
Mathematical Analyst,Crossing Hurdles,India,Remote,,,,False,2026-05-23,https://remoteOK.com/remote-jobs/remote-mathematical-analyst-crossing-hurdles-1131858,remoteok,2026-05-24T21:47:34.485340
freelancer,Testlio,Remote,Remote,,,,False,2026-05-23,https://remoteOK.com/remote-jobs/remote-freelancer-testlio-1131844,remoteok,2026-05-24T21:47:34.485340
Outbound Sales Development Representative Latin America,Bluelight Consulting,"Antigua Guatemala, Guatemala",Remote,,,,False,2026-05-23,https://remoteOK.com/remote-jobs/remote-outbound-sales-development-representative-latin-america-bluelight-consulting-1131843,remoteok,2026-05-24T21:47:34.485340
Clerk Typist,Positive Behavior Steps,"Chicago, Chicago, Illinois, United States",Remote,,,,False,2026-05-23,https://remoteOK.com/remote-jobs/remote-clerk-typist-positive-behavior-steps-1132140,remoteok,2026-05-24T21:47:34.485340
Chat Support Clerk,Positive Behavior Steps,"Minneapolis, Minneapolis, Minnesota, United States",Remote,,,,False,2026-05-23,https://remoteOK.com/remote-jobs/remote-chat-support-clerk-positive-behavior-steps-1132142,remoteok,2026-05-24T21:47:34.485340
Jefe de Calidad Procesos,Grupo Auteco,"Rionegro, Rionegro, Antioquia, Colombia",Remote,,,,False,2026-05-22,https://remoteOK.com/remote-jobs/remote-jefe-de-calidad-procesos-grupo-auteco-1132124,remoteok,2026-05-24T21:47:34.485340
Gateway Agent,DHL Express,Hamilton,Remote,,,,False,2026-05-22,https://remoteOK.com/remote-jobs/remote-gateway-agent-dhl-express-1132020,remoteok,2026-05-24T21:47:34.485340
Operations Agent,DHL Express,Hamilton,Remote,,,,False,2026-05-22,https://remoteOK.com/remote-jobs/remote-operations-agent-dhl-express-1132023,remoteok,2026-05-24T21:47:34.485340
Pessoa Desenvolvedora C C++ Embarcado Pl Meios de Pagamento,Venturus,Brasil,Remote,,,,False,2026-05-22,https://remoteOK.com/remote-jobs/remote-1169-1170-pessoa-desenvolvedora-c-c-embarcado-pl-meios-de-pagamento-venturus-1131837,remoteok,2026-05-24T21:47:34.485340
Atendente de SAC,Pluris MÃ­dia,"SÃ£o Paulo, SÃ£o Paulo, SÃ£o Paulo, Brasil",Remote,,,,False,2026-05-22,https://remoteOK.com/remote-jobs/remote-atendente-de-sac-pluris-midia-1131838,remoteok,2026-05-24T21:47:34.485340
Genetic Counseling Assistant,MyOme,"Durham, Durham, North Carolina, United States",Remote,,,,False,2026-05-22,https://remoteOK.com/remote-jobs/remote-genetic-counseling-assistant-myome-1131860,remoteok,2026-05-24T21:47:34.485340
Junior Brand Designer,Twine,Canada,Remote,,,,False,2026-05-22,https://remoteOK.com/remote-jobs/remote-junior-brand-designer-twine-1131835,remoteok,2026-05-24T21:47:34.485340
Claims Officer Nassau,Coralisle Group Ltd.,Nassau,Remote,,,,False,2026-05-22,https://remoteOK.com/remote-jobs/remote-claims-officer-nassau-coralisle-group-ltd-1132043,remoteok,2026-05-24T21:47:34.485340
Customer Service Representative,RG&amp;T Solutions,Quad Cities Metropolitan Area,Remote,,,,False,2026-05-22,https://remoteOK.com/remote-jobs/remote-customer-service-representative-rgampt-solutions-1132174,remoteok,2026-05-24T21:47:34.485340
Staff Writer Health,Forbes Advisor,"Wilmington, Wilmington, Delaware, United States",Remote,,,,False,2026-05-22,https://remoteOK.com/remote-jobs/remote-staff-writer-health-forbes-advisor-1131863,remoteok,2026-05-24T21:47:34.485340
Asesor Comercial Paraguay,Grido,"CÃ³rdoba, CÃ³rdoba, CÃ³rdoba, Argentina",Remote,,,,False,2026-05-22,https://remoteOK.com/remote-jobs/remote-asesor-comercial-paraguay-grido-1131785,remoteok,2026-05-24T21:47:34.485340
tst,Stefanini North America and APAC,Test Valley,Remote,,,,False,2026-05-22,https://remoteOK.com/remote-jobs/remote-tst-stefanini-north-america-and-apac-1131945,remoteok,2026-05-24T21:47:34.485340
Multi Jurisdiction Accountant,Flag Theory,Remote,Remote,30000.0,50000.0,USD,True,2026-05-22,https://remoteOK.com/remote-jobs/remote-multi-jurisdiction-accountant-flag-theory-1131712,remoteok,2026-05-24T21:47:34.485340
Cruise &amp; Resort Reservation Specialist,Aisle and Abroad,"California, California, United States",Remote,,,,False,2026-05-22,https://remoteOK.com/remote-jobs/remote-cruise-amp-resort-reservation-specialist-aisle-and-abroad-1132180,remoteok,2026-05-24T21:47:34.485340
A variety of roles,Queen Katharine Academy,Peterborough,Remote,,,,False,2026-05-22,https://remoteOK.com/remote-jobs/remote-a-variety-of-roles-queen-katharine-academy-1131932,remoteok,2026-05-24T21:47:34.485340
Fraud Analyst,Nymbus,"Jacksonville, Jacksonville, Florida, United States",Remote,,,,False,2026-05-22,https://remoteOK.com/remote-jobs/remote-fraud-analyst-nymbus-1131693,remoteok,2026-05-24T21:47:34.485340
Operations Staff,Blue Dart,Jamshedpur,Remote,,,,False,2026-05-22,https://remoteOK.com/remote-jobs/remote-operations-staff-blue-dart-1131691,remoteok,2026-05-24T21:47:34.485340
Finance Assistant,360Dialog,Ãsterreich,Remote,,,,False,2026-05-22,https://remoteOK.com/remote-jobs/remote-finance-assistant-360dialog-1131689,remoteok,2026-05-24T21:47:34.485340
Care Assistant,Caremark Cambridge &amp; South Cambridgeshire,"Cambridge, Cambridge, England, United Kingdom",Remote,,,,False,2026-05-22,https://remoteOK.com/remote-jobs/remote-care-assistant-caremark-cambridge-amp-south-cambridgeshire-1132150,remoteok,2026-05-24T21:47:34.485340
Postperson with Driving,Royal Mail,Peterborough,Remote,,,,False,2026-05-22,https://remoteOK.com/remote-jobs/remote-postperson-with-driving-royal-mail-1131940,remoteok,2026-05-24T21:47:34.485340
Asistente acadÃ©mico de educaciÃ³n continua,Universidad Continental,"Lima, Lima, PerÃº",Remote,,,,False,2026-05-22,https://remoteOK.com/remote-jobs/remote-asistente-academico-de-educacion-continua-universidad-continental-1131781,remoteok,2026-05-24T21:47:34.485340
Facilities Maintenance Technician,City of New Westminster,New Westminster,Remote,,,,False,2026-05-22,https://remoteOK.com/remote-jobs/remote-facilities-maintenance-technician-city-of-new-westminster-1131990,remoteok,2026-05-24T21:47:34.485340
Director of Operations,Happily,Remote,Remote,50000.0,80000.0,USD,True,2026-05-22,https://remoteOK.com/remote-jobs/remote-director-of-operations-happily-1131638,remoteok,2026-05-24T21:47:34.485340
Open Role,Flent,Bengaluru,Remote,,,,False,2026-05-22,https://remoteOK.com/remote-jobs/remote-open-role-flent-1131650,remoteok,2026-05-24T21:47:34.485340
Profesor a online para refuerzo escolar y preparaciÃ³n de exÃ¡menes,TUS Media,"Barcelona, Barcelona, CataluÃ±a, EspaÃ±a",Remote,,,,False,2026-05-22,https://remoteOK.com/remote-jobs/remote-profesor-a-online-para-refuerzo-escolar-y-preparacion-de-examenes-tus-media-1131911,remoteok,2026-05-24T21:47:34.485340
Housekeeper,Quality Inn &amp; Suites Downtown Charlottetown,Charlottetown,Remote,,,,False,2026-05-22,https://remoteOK.com/remote-jobs/remote-housekeeper-quality-inn-amp-suites-downtown-charlottetown-1131759,remoteok,2026-05-24T21:47:34.485340
2D Artist,RubyPlay,"Warszawa, Warszawa, Woj. Mazowieckie, Polska",Remote,,,,False,2026-05-22,https://remoteOK.com/remote-jobs/remote-2d-artist-rubyplay-1131918,remoteok,2026-05-24T21:47:34.485340
Monitor Operacional Cachoeirinha RS,BuscarVagas - Empregos Brasil,"Cachoeirinha, Cachoeirinha, Rio Grande do Sul, Brasil",Remote,,,,False,2026-05-22,https://remoteOK.com/remote-jobs/remote-monitor-operacional-cachoeirinha-rs-buscarvagas-empregos-brasil-1132125,remoteok,2026-05-24T21:47:34.485340
District Associate Manager,Meril,"Maharashtra, Maharashtra, India",Remote,,,,False,2026-05-22,https://remoteOK.com/remote-jobs/remote-district-associate-manager-meril-1131852,remoteok,2026-05-24T21:47:34.485340
